Name	Resp.	WhiteNoise	time offset	EL	XEL	Frequency
A_01_0009	1.0	0.0	0.0	-0.0725	-0.033	715.0
A_01_0053	1.0	0.0	0.0	-0.058	-0.033	715.0
A_01_0106	1.0	0.0	0.0	-0.0435	-0.033	715.0
A_01_0188	1.0	0.0	0.0	-0.029	-0.033	715.0
A_01_0319	1.0	0.0	0.0	-0.0145	-0.033	715.0
A_01_0409	1.0	0.0	0.0	0.0	-0.033	715.0
A_01_0434	1.0	0.0	0.0	0.0145	-0.033	715.0
A_01_0488	1.0	0.0	0.0	0.029	-0.033	715.0
A_01_0520	1.0	0.0	0.0	0.0435	-0.033	715.0
A_01_0525	1.0	0.0	0.0	0.058	-0.033	715.0
A_01_0711	1.0	0.0	0.0	-0.0725	-0.033	719.0
A_01_0750	1.0	0.0	0.0	-0.058	-0.033	719.0
A_01_0771	1.0	0.0	0.0	-0.0435	-0.033	719.0
A_01_0916	1.0	0.0	0.0	-0.029	-0.033	719.0
A_01_0949	1.0	0.0	0.0	-0.0145	-0.033	719.0
A_01_1040	1.0	0.0	0.0	0.0	-0.033	719.0
A_01_1084	1.0	0.0	0.0	0.0145	-0.033	719.0
A_01_1139	1.0	0.0	0.0	0.029	-0.033	719.0
A_01_1169	1.0	0.0	0.0	0.0435	-0.033	719.0
A_01_1291	1.0	0.0	0.0	0.058	-0.033	719.0
A_01_1307	1.0	0.0	0.0	-0.0725	-0.033	723.0
A_01_1424	1.0	0.0	0.0	-0.058	-0.033	723.0
A_01_1489	1.0	0.0	0.0	-0.0435	-0.033	723.0
A_01_1519	1.0	0.0	0.0	-0.029	-0.033	723.0
A_01_1535	1.0	0.0	0.0	-0.0145	-0.033	723.0
A_01_1584	1.0	0.0	0.0	0.0	-0.033	723.0
A_01_1654	1.0	0.0	0.0	0.0145	-0.033	723.0
A_01_1674	1.0	0.0	0.0	0.029	-0.033	723.0
A_01_1679	1.0	0.0	0.0	0.0435	-0.033	723.0
A_01_1743	1.0	0.0	0.0	0.058	-0.033	723.0
A_01_1796	1.0	0.0	0.0	-0.0725	-0.033	727.0
A_01_1824	1.0	0.0	0.0	-0.058	-0.033	727.0
A_01_1827	1.0	0.0	0.0	-0.0435	-0.033	727.0
A_01_1832	1.0	0.0	0.0	-0.029	-0.033	727.0
A_01_1876	1.0	0.0	0.0	-0.0145	-0.033	727.0
A_01_2045	1.0	0.0	0.0	0.0	-0.033	727.0
A_01_2266	1.0	0.0	0.0	0.0145	-0.033	727.0
A_01_2286	1.0	0.0	0.0	0.029	-0.033	727.0
A_01_2287	1.0	0.0	0.0	0.0435	-0.033	727.0
A_01_2340	1.0	0.0	0.0	0.058	-0.033	727.0
A_01_2504	1.0	0.0	0.0	-0.0725	-0.033	731.0
A_01_2547	1.0	0.0	0.0	-0.058	-0.033	731.0
A_01_2591	1.0	0.0	0.0	-0.0435	-0.033	731.0
A_01_2615	1.0	0.0	0.0	-0.029	-0.033	731.0
A_01_2621	1.0	0.0	0.0	-0.0145	-0.033	731.0
A_01_2646	1.0	0.0	0.0	0.0	-0.033	731.0
A_01_2664	1.0	0.0	0.0	0.0145	-0.033	731.0
A_01_2677	1.0	0.0	0.0	0.029	-0.033	731.0
A_01_2803	1.0	0.0	0.0	0.0435	-0.033	731.0
A_01_2927	1.0	0.0	0.0	0.058	-0.033	731.0
A_01_3150	1.0	0.0	0.0	-0.0725	-0.033	735.0
A_01_3257	1.0	0.0	0.0	-0.058	-0.033	735.0
A_01_3258	1.0	0.0	0.0	-0.0435	-0.033	735.0
A_01_3432	1.0	0.0	0.0	-0.029	-0.033	735.0
A_01_3456	1.0	0.0	0.0	-0.0145	-0.033	735.0
A_01_3483	1.0	0.0	0.0	0.0	-0.033	735.0
A_01_3527	1.0	0.0	0.0	0.0145	-0.033	735.0
A_01_3582	1.0	0.0	0.0	0.029	-0.033	735.0
A_01_3593	1.0	0.0	0.0	0.0435	-0.033	735.0
A_01_3598	1.0	0.0	0.0	0.058	-0.033	735.0
A_01_3611	1.0	0.0	0.0	-0.0725	-0.033	739.0
A_01_3657	1.0	0.0	0.0	-0.058	-0.033	739.0
A_01_3733	1.0	0.0	0.0	-0.0435	-0.033	739.0
A_01_3752	1.0	0.0	0.0	-0.029	-0.033	739.0
A_01_3811	1.0	0.0	0.0	-0.0145	-0.033	739.0
A_01_3814	1.0	0.0	0.0	0.0	-0.033	739.0
A_01_3923	1.0	0.0	0.0	0.0145	-0.033	739.0
A_01_4010	1.0	0.0	0.0	0.029	-0.033	739.0
A_01_4012	1.0	0.0	0.0	0.0435	-0.033	739.0
A_01_4040	1.0	0.0	0.0	0.058	-0.033	739.0
A_01_4119	1.0	0.0	0.0	-0.0725	-0.033	743.0
A_01_4304	1.0	0.0	0.0	-0.058	-0.033	743.0
A_01_4315	1.0	0.0	0.0	-0.0435	-0.033	743.0
A_01_4333	1.0	0.0	0.0	-0.029	-0.033	743.0
A_01_4339	1.0	0.0	0.0	-0.0145	-0.033	743.0
A_01_4371	1.0	0.0	0.0	0.0	-0.033	743.0
A_01_4374	1.0	0.0	0.0	0.0145	-0.033	743.0
A_01_4386	1.0	0.0	0.0	0.029	-0.033	743.0
A_01_4422	1.0	0.0	0.0	0.0435	-0.033	743.0
A_01_4506	1.0	0.0	0.0	0.058	-0.033	743.0
A_01_4552	1.0	0.0	0.0	-0.0725	-0.033	747.0
A_01_4554	1.0	0.0	0.0	-0.058	-0.033	747.0
A_01_4557	1.0	0.0	0.0	-0.0435	-0.033	747.0
A_01_4741	1.0	0.0	0.0	-0.029	-0.033	747.0
A_01_4803	1.0	0.0	0.0	-0.0145	-0.033	747.0
A_01_4808	1.0	0.0	0.0	0.0	-0.033	747.0
A_01_4889	1.0	0.0	0.0	0.0145	-0.033	747.0
A_01_5038	1.0	0.0	0.0	0.029	-0.033	747.0
A_01_5155	1.0	0.0	0.0	0.0435	-0.033	747.0
A_01_5168	1.0	0.0	0.0	0.058	-0.033	747.0
A_01_5310	1.0	0.0	0.0	-0.0725	-0.033	751.0
A_01_5313	1.0	0.0	0.0	-0.058	-0.033	751.0
A_01_5514	1.0	0.0	0.0	-0.0435	-0.033	751.0
A_01_5573	1.0	0.0	0.0	-0.029	-0.033	751.0
A_01_5574	1.0	0.0	0.0	-0.0145	-0.033	751.0
A_01_5635	1.0	0.0	0.0	0.0	-0.033	751.0
A_01_5820	1.0	0.0	0.0	0.0145	-0.033	751.0
A_01_5881	1.0	0.0	0.0	0.029	-0.033	751.0
A_01_5925	1.0	0.0	0.0	0.0435	-0.033	751.0
A_01_5930	1.0	0.0	0.0	0.058	-0.033	751.0
A_01_5947	1.0	0.0	0.0	-0.0725	-0.033	755.0
A_01_5977	1.0	0.0	0.0	-0.058	-0.033	755.0
A_01_6065	1.0	0.0	0.0	-0.0435	-0.033	755.0
A_01_6126	1.0	0.0	0.0	-0.029	-0.033	755.0
A_01_6201	1.0	0.0	0.0	-0.0145	-0.033	755.0
A_01_6216	1.0	0.0	0.0	0.0	-0.033	755.0
A_01_6224	1.0	0.0	0.0	0.0145	-0.033	755.0
A_01_6227	1.0	0.0	0.0	0.029	-0.033	755.0
A_01_6252	1.0	0.0	0.0	0.0435	-0.033	755.0
A_01_6304	1.0	0.0	0.0	0.058	-0.033	755.0
A_01_6482	1.0	0.0	0.0	-0.0725	-0.033	759.0
A_01_6543	1.0	0.0	0.0	-0.058	-0.033	759.0
A_01_6572	1.0	0.0	0.0	-0.0435	-0.033	759.0
A_01_6873	1.0	0.0	0.0	-0.029	-0.033	759.0
A_01_6912	1.0	0.0	0.0	-0.0145	-0.033	759.0
A_01_6916	1.0	0.0	0.0	0.0	-0.033	759.0
A_01_6924	1.0	0.0	0.0	0.0145	-0.033	759.0
A_01_7019	1.0	0.0	0.0	0.029	-0.033	759.0
A_01_7123	1.0	0.0	0.0	0.0435	-0.033	759.0
A_01_7359	1.0	0.0	0.0	0.058	-0.033	759.0
A_01_7428	1.0	0.0	0.0	-0.0725	-0.033	763.0
A_01_7433	1.0	0.0	0.0	-0.058	-0.033	763.0
A_01_7517	1.0	0.0	0.0	-0.0435	-0.033	763.0
A_01_7527	1.0	0.0	0.0	-0.029	-0.033	763.0
A_01_7573	1.0	0.0	0.0	-0.0145	-0.033	763.0
A_01_7668	1.0	0.0	0.0	0.0	-0.033	763.0
A_01_8005	1.0	0.0	0.0	0.0145	-0.033	763.0
A_01_8085	1.0	0.0	0.0	0.029	-0.033	763.0
A_01_8179	1.0	0.0	0.0	0.0435	-0.033	763.0
A_01_8201	1.0	0.0	0.0	0.058	-0.033	763.0
A_01_8279	1.0	0.0	0.0	-0.0725	-0.033	767.0
A_01_8317	1.0	0.0	0.0	-0.058	-0.033	767.0
A_01_8348	1.0	0.0	0.0	-0.0435	-0.033	767.0
A_01_8669	1.0	0.0	0.0	-0.029	-0.033	767.0
A_01_8689	1.0	0.0	0.0	-0.0145	-0.033	767.0
A_01_8751	1.0	0.0	0.0	0.0	-0.033	767.0
A_01_8785	1.0	0.0	0.0	0.0145	-0.033	767.0
A_01_8797	1.0	0.0	0.0	0.029	-0.033	767.0
A_01_8830	1.0	0.0	0.0	0.0435	-0.033	767.0
A_01_8837	1.0	0.0	0.0	0.058	-0.033	767.0
A_01_8928	1.0	0.0	0.0	-0.0725	-0.033	771.0
A_01_8935	1.0	0.0	0.0	-0.058	-0.033	771.0
A_01_9044	1.0	0.0	0.0	-0.0435	-0.033	771.0
A_01_9064	1.0	0.0	0.0	-0.029	-0.033	771.0
A_01_9125	1.0	0.0	0.0	-0.0145	-0.033	771.0
A_01_9195	1.0	0.0	0.0	0.0	-0.033	771.0
A_01_9197	1.0	0.0	0.0	0.0145	-0.033	771.0
A_01_9292	1.0	0.0	0.0	0.029	-0.033	771.0
A_01_9459	1.0	0.0	0.0	0.0435	-0.033	771.0
A_01_9560	1.0	0.0	0.0	0.058	-0.033	771.0
A_01_9577	1.0	0.0	0.0	-0.0725	-0.033	775.0
A_01_9654	1.0	0.0	0.0	-0.058	-0.033	775.0
A_01_9674	1.0	0.0	0.0	-0.0435	-0.033	775.0
A_01_9763	1.0	0.0	0.0	-0.029	-0.033	775.0
A_01_9771	1.0	0.0	0.0	-0.0145	-0.033	775.0
A_01_9813	1.0	0.0	0.0	0.0	-0.033	775.0
A_01_9863	1.0	0.0	0.0	0.0145	-0.033	775.0
A_01_9891	1.0	0.0	0.0	0.029	-0.033	775.0
A_01_9977	1.0	0.0	0.0	0.0435	-0.033	775.0
A_01_9980	1.0	0.0	0.0	0.058	-0.033	775.0
A_02_0035	1.0	0.0	0.0	-0.0725	-0.033	779.0
A_02_0117	1.0	0.0	0.0	-0.058	-0.033	779.0
A_02_0152	1.0	0.0	0.0	-0.0435	-0.033	779.0
A_02_0241	1.0	0.0	0.0	-0.029	-0.033	779.0
A_02_0344	1.0	0.0	0.0	-0.0145	-0.033	779.0
A_02_0514	1.0	0.0	0.0	0.0	-0.033	779.0
A_02_0651	1.0	0.0	0.0	0.0145	-0.033	779.0
A_02_0821	1.0	0.0	0.0	0.029	-0.033	779.0
A_02_0828	1.0	0.0	0.0	0.0435	-0.033	779.0
A_02_0887	1.0	0.0	0.0	0.058	-0.033	779.0
A_02_0931	1.0	0.0	0.0	-0.0725	-0.033	783.0
A_02_0936	1.0	0.0	0.0	-0.058	-0.033	783.0
A_02_0958	1.0	0.0	0.0	-0.0435	-0.033	783.0
A_02_0960	1.0	0.0	0.0	-0.029	-0.033	783.0
A_02_0964	1.0	0.0	0.0	-0.0145	-0.033	783.0
A_02_0993	1.0	0.0	0.0	0.0	-0.033	783.0
A_02_0998	1.0	0.0	0.0	0.0145	-0.033	783.0
A_02_1049	1.0	0.0	0.0	0.029	-0.033	783.0
A_02_1104	1.0	0.0	0.0	0.0435	-0.033	783.0
A_02_1113	1.0	0.0	0.0	0.058	-0.033	783.0
A_02_1122	1.0	0.0	0.0	-0.0725	-0.033	787.0
A_02_1133	1.0	0.0	0.0	-0.058	-0.033	787.0
A_02_1160	1.0	0.0	0.0	-0.0435	-0.033	787.0
A_02_1163	1.0	0.0	0.0	-0.029	-0.033	787.0
A_02_1188	1.0	0.0	0.0	-0.0145	-0.033	787.0
A_02_1235	1.0	0.0	0.0	0.0	-0.033	787.0
A_02_1290	1.0	0.0	0.0	0.0145	-0.033	787.0
A_02_1312	1.0	0.0	0.0	0.029	-0.033	787.0
A_02_1343	1.0	0.0	0.0	0.0435	-0.033	787.0
A_02_1403	1.0	0.0	0.0	0.058	-0.033	787.0
A_02_1528	1.0	0.0	0.0	-0.0725	-0.033	791.0
A_02_1545	1.0	0.0	0.0	-0.058	-0.033	791.0
A_02_1588	1.0	0.0	0.0	-0.0435	-0.033	791.0
A_02_1604	1.0	0.0	0.0	-0.029	-0.033	791.0
A_02_1612	1.0	0.0	0.0	-0.0145	-0.033	791.0
A_02_1638	1.0	0.0	0.0	0.0	-0.033	791.0
A_02_1790	1.0	0.0	0.0	0.0145	-0.033	791.0
A_02_1964	1.0	0.0	0.0	0.029	-0.033	791.0
A_02_1982	1.0	0.0	0.0	0.0435	-0.033	791.0
A_02_2060	1.0	0.0	0.0	0.058	-0.033	791.0
A_02_2103	1.0	0.0	0.0	-0.0725	-0.033	795.0
A_02_2144	1.0	0.0	0.0	-0.058	-0.033	795.0
A_02_2167	1.0	0.0	0.0	-0.0435	-0.033	795.0
A_02_2296	1.0	0.0	0.0	-0.029	-0.033	795.0
A_02_2536	1.0	0.0	0.0	-0.0145	-0.033	795.0
A_02_2579	1.0	0.0	0.0	0.0	-0.033	795.0
A_02_2697	1.0	0.0	0.0	0.0145	-0.033	795.0
A_02_2705	1.0	0.0	0.0	0.029	-0.033	795.0
A_02_2724	1.0	0.0	0.0	0.0435	-0.033	795.0
A_02_3006	1.0	0.0	0.0	0.058	-0.033	795.0
A_02_3044	1.0	0.0	0.0	-0.0725	-0.033	799.0
A_02_3111	1.0	0.0	0.0	-0.058	-0.033	799.0
A_02_3116	1.0	0.0	0.0	-0.0435	-0.033	799.0
A_02_3119	1.0	0.0	0.0	-0.029	-0.033	799.0
A_02_3139	1.0	0.0	0.0	-0.0145	-0.033	799.0
A_02_3295	1.0	0.0	0.0	0.0	-0.033	799.0
A_02_3346	1.0	0.0	0.0	0.0145	-0.033	799.0
A_02_3470	1.0	0.0	0.0	0.029	-0.033	799.0
A_02_3502	1.0	0.0	0.0	0.0435	-0.033	799.0
A_02_3510	1.0	0.0	0.0	0.058	-0.033	799.0
A_02_3566	1.0	0.0	0.0	-0.0725	-0.033	803.0
A_02_3608	1.0	0.0	0.0	-0.058	-0.033	803.0
A_02_3681	1.0	0.0	0.0	-0.0435	-0.033	803.0
A_02_3750	1.0	0.0	0.0	-0.029	-0.033	803.0
A_02_3770	1.0	0.0	0.0	-0.0145	-0.033	803.0
A_02_3853	1.0	0.0	0.0	0.0	-0.033	803.0
A_02_3872	1.0	0.0	0.0	0.0145	-0.033	803.0
A_02_3899	1.0	0.0	0.0	0.029	-0.033	803.0
A_02_3910	1.0	0.0	0.0	0.0435	-0.033	803.0
A_02_3946	1.0	0.0	0.0	0.058	-0.033	803.0
A_02_3981	1.0	0.0	0.0	-0.0725	-0.033	807.0
A_02_4033	1.0	0.0	0.0	-0.058	-0.033	807.0
A_02_4061	1.0	0.0	0.0	-0.0435	-0.033	807.0
A_02_4073	1.0	0.0	0.0	-0.029	-0.033	807.0
A_02_4092	1.0	0.0	0.0	-0.0145	-0.033	807.0
A_02_4272	1.0	0.0	0.0	0.0	-0.033	807.0
A_02_4342	1.0	0.0	0.0	0.0145	-0.033	807.0
A_02_4345	1.0	0.0	0.0	0.029	-0.033	807.0
A_02_4351	1.0	0.0	0.0	0.0435	-0.033	807.0
A_02_4562	1.0	0.0	0.0	0.058	-0.033	807.0
A_02_4563	1.0	0.0	0.0	-0.0725	-0.033	811.0
A_02_4673	1.0	0.0	0.0	-0.058	-0.033	811.0
A_02_4861	1.0	0.0	0.0	-0.0435	-0.033	811.0
A_02_4915	1.0	0.0	0.0	-0.029	-0.033	811.0
A_02_5107	1.0	0.0	0.0	-0.0145	-0.033	811.0
A_02_5138	1.0	0.0	0.0	0.0	-0.033	811.0
A_02_5147	1.0	0.0	0.0	0.0145	-0.033	811.0
A_02_5180	1.0	0.0	0.0	0.029	-0.033	811.0
A_02_5183	1.0	0.0	0.0	0.0435	-0.033	811.0
A_02_5413	1.0	0.0	0.0	0.058	-0.033	811.0
A_02_5539	1.0	0.0	0.0	-0.0725	-0.033	815.0
A_02_5559	1.0	0.0	0.0	-0.058	-0.033	815.0
A_02_5804	1.0	0.0	0.0	-0.0435	-0.033	815.0
A_02_6118	1.0	0.0	0.0	-0.029	-0.033	815.0
A_02_6209	1.0	0.0	0.0	-0.0145	-0.033	815.0
A_02_6396	1.0	0.0	0.0	0.0	-0.033	815.0
A_02_6484	1.0	0.0	0.0	0.0145	-0.033	815.0
A_02_6537	1.0	0.0	0.0	0.029	-0.033	815.0
A_02_6570	1.0	0.0	0.0	0.0435	-0.033	815.0
A_02_6596	1.0	0.0	0.0	0.058	-0.033	815.0
A_02_6615	1.0	0.0	0.0	-0.0725	-0.033	819.0
A_02_6658	1.0	0.0	0.0	-0.058	-0.033	819.0
A_02_6669	1.0	0.0	0.0	-0.0435	-0.033	819.0
A_02_6735	1.0	0.0	0.0	-0.029	-0.033	819.0
A_02_6868	1.0	0.0	0.0	-0.0145	-0.033	819.0
A_02_6912	1.0	0.0	0.0	0.0	-0.033	819.0
A_02_6930	1.0	0.0	0.0	0.0145	-0.033	819.0
A_02_6932	1.0	0.0	0.0	0.029	-0.033	819.0
A_02_6939	1.0	0.0	0.0	0.0435	-0.033	819.0
A_02_7062	1.0	0.0	0.0	0.058	-0.033	819.0
A_02_7177	1.0	0.0	0.0	-0.0725	-0.033	823.0
A_02_7260	1.0	0.0	0.0	-0.058	-0.033	823.0
A_02_7350	1.0	0.0	0.0	-0.0435	-0.033	823.0
A_02_7397	1.0	0.0	0.0	-0.029	-0.033	823.0
A_02_7454	1.0	0.0	0.0	-0.0145	-0.033	823.0
A_02_7491	1.0	0.0	0.0	0.0	-0.033	823.0
A_02_7508	1.0	0.0	0.0	0.0145	-0.033	823.0
A_02_7579	1.0	0.0	0.0	0.029	-0.033	823.0
A_02_7651	1.0	0.0	0.0	0.0435	-0.033	823.0
A_02_7744	1.0	0.0	0.0	0.058	-0.033	823.0
A_02_7749	1.0	0.0	0.0	-0.0725	-0.033	827.0
A_02_7787	1.0	0.0	0.0	-0.058	-0.033	827.0
A_02_7811	1.0	0.0	0.0	-0.0435	-0.033	827.0
A_02_7886	1.0	0.0	0.0	-0.029	-0.033	827.0
A_02_7953	1.0	0.0	0.0	-0.0145	-0.033	827.0
A_02_7956	1.0	0.0	0.0	0.0	-0.033	827.0
A_02_7962	1.0	0.0	0.0	0.0145	-0.033	827.0
A_02_7973	1.0	0.0	0.0	0.029	-0.033	827.0
A_02_8238	1.0	0.0	0.0	0.0435	-0.033	827.0
A_02_8320	1.0	0.0	0.0	0.058	-0.033	827.0
A_02_8423	1.0	0.0	0.0	-0.0725	-0.033	831.0
A_02_8479	1.0	0.0	0.0	-0.058	-0.033	831.0
A_02_8565	1.0	0.0	0.0	-0.0435	-0.033	831.0
A_02_8645	1.0	0.0	0.0	-0.029	-0.033	831.0
A_02_8701	1.0	0.0	0.0	-0.0145	-0.033	831.0
A_02_8727	1.0	0.0	0.0	0.0	-0.033	831.0
A_02_8786	1.0	0.0	0.0	0.0145	-0.033	831.0
A_02_8834	1.0	0.0	0.0	0.029	-0.033	831.0
A_02_8835	1.0	0.0	0.0	0.0435	-0.033	831.0
A_02_8856	1.0	0.0	0.0	0.058	-0.033	831.0
A_02_8883	1.0	0.0	0.0	-0.0725	-0.033	835.0
A_02_9007	1.0	0.0	0.0	-0.058	-0.033	835.0
A_02_9016	1.0	0.0	0.0	-0.0435	-0.033	835.0
A_02_9075	1.0	0.0	0.0	-0.029	-0.033	835.0
A_02_9105	1.0	0.0	0.0	-0.0145	-0.033	835.0
A_02_9224	1.0	0.0	0.0	0.0	-0.033	835.0
A_02_9260	1.0	0.0	0.0	0.0145	-0.033	835.0
A_02_9295	1.0	0.0	0.0	0.029	-0.033	835.0
A_02_9333	1.0	0.0	0.0	0.0435	-0.033	835.0
A_02_9355	1.0	0.0	0.0	0.058	-0.033	835.0
A_02_9440	1.0	0.0	0.0	-0.0725	-0.033	839.0
A_02_9485	1.0	0.0	0.0	-0.058	-0.033	839.0
A_02_9489	1.0	0.0	0.0	-0.0435	-0.033	839.0
A_02_9562	1.0	0.0	0.0	-0.029	-0.033	839.0
A_02_9571	1.0	0.0	0.0	-0.0145	-0.033	839.0
A_02_9638	1.0	0.0	0.0	0.0	-0.033	839.0
A_02_9641	1.0	0.0	0.0	0.0145	-0.033	839.0
A_02_9740	1.0	0.0	0.0	0.029	-0.033	839.0
A_02_9749	1.0	0.0	0.0	0.0435	-0.033	839.0
A_02_9938	1.0	0.0	0.0	0.058	-0.033	839.0
A_03_0006	1.0	0.0	0.0	-0.0725	-0.033	843.0
A_03_0027	1.0	0.0	0.0	-0.058	-0.033	843.0
A_03_0058	1.0	0.0	0.0	-0.0435	-0.033	843.0
A_03_0128	1.0	0.0	0.0	-0.029	-0.033	843.0
A_03_0158	1.0	0.0	0.0	-0.0145	-0.033	843.0
A_03_0387	1.0	0.0	0.0	0.0	-0.033	843.0
A_03_0406	1.0	0.0	0.0	0.0145	-0.033	843.0
A_03_0452	1.0	0.0	0.0	0.029	-0.033	843.0
A_03_0590	1.0	0.0	0.0	0.0435	-0.033	843.0
A_03_0626	1.0	0.0	0.0	0.058	-0.033	843.0
A_03_0634	1.0	0.0	0.0	-0.0725	-0.033	847.0
A_03_0653	1.0	0.0	0.0	-0.058	-0.033	847.0
A_03_0685	1.0	0.0	0.0	-0.0435	-0.033	847.0
A_03_0722	1.0	0.0	0.0	-0.029	-0.033	847.0
A_03_0727	1.0	0.0	0.0	-0.0145	-0.033	847.0
A_03_0832	1.0	0.0	0.0	0.0	-0.033	847.0
A_03_1127	1.0	0.0	0.0	0.0145	-0.033	847.0
A_03_1137	1.0	0.0	0.0	0.029	-0.033	847.0
A_03_1146	1.0	0.0	0.0	0.0435	-0.033	847.0
A_03_1200	1.0	0.0	0.0	0.058	-0.033	847.0
A_03_1232	1.0	0.0	0.0	-0.0725	-0.033	851.0
A_03_1512	1.0	0.0	0.0	-0.058	-0.033	851.0
A_03_1684	1.0	0.0	0.0	-0.0435	-0.033	851.0
A_03_1697	1.0	0.0	0.0	-0.029	-0.033	851.0
A_03_1753	1.0	0.0	0.0	-0.0145	-0.033	851.0
A_03_1771	1.0	0.0	0.0	0.0	-0.033	851.0
A_03_1776	1.0	0.0	0.0	0.0145	-0.033	851.0
A_03_1832	1.0	0.0	0.0	0.029	-0.033	851.0
A_03_1889	1.0	0.0	0.0	0.0435	-0.033	851.0
A_03_1891	1.0	0.0	0.0	0.058	-0.033	851.0
A_03_1894	1.0	0.0	0.0	-0.0725	-0.033	855.0
A_03_2041	1.0	0.0	0.0	-0.058	-0.033	855.0
A_03_2085	1.0	0.0	0.0	-0.0435	-0.033	855.0
A_03_2088	1.0	0.0	0.0	-0.029	-0.033	855.0
A_03_2143	1.0	0.0	0.0	-0.0145	-0.033	855.0
A_03_2170	1.0	0.0	0.0	0.0	-0.033	855.0
A_03_2200	1.0	0.0	0.0	0.0145	-0.033	855.0
A_03_2426	1.0	0.0	0.0	0.029	-0.033	855.0
A_03_2442	1.0	0.0	0.0	0.0435	-0.033	855.0
A_03_2532	1.0	0.0	0.0	0.058	-0.033	855.0
A_03_2546	1.0	0.0	0.0	-0.0725	-0.033	859.0
A_03_2584	1.0	0.0	0.0	-0.058	-0.033	859.0
A_03_2608	1.0	0.0	0.0	-0.0435	-0.033	859.0
A_03_2647	1.0	0.0	0.0	-0.029	-0.033	859.0
A_03_2662	1.0	0.0	0.0	-0.0145	-0.033	859.0
A_03_2851	1.0	0.0	0.0	0.0	-0.033	859.0
A_03_2900	1.0	0.0	0.0	0.0145	-0.033	859.0
A_03_2925	1.0	0.0	0.0	0.029	-0.033	859.0
A_03_2938	1.0	0.0	0.0	0.0435	-0.033	859.0
A_03_3114	1.0	0.0	0.0	0.058	-0.033	859.0
A_03_3143	1.0	0.0	0.0	-0.0725	-0.033	863.0
A_03_3164	1.0	0.0	0.0	-0.058	-0.033	863.0
A_03_3228	1.0	0.0	0.0	-0.0435	-0.033	863.0
A_03_3269	1.0	0.0	0.0	-0.029	-0.033	863.0
A_03_3335	1.0	0.0	0.0	-0.0145	-0.033	863.0
A_03_3441	1.0	0.0	0.0	0.0	-0.033	863.0
A_03_3450	1.0	0.0	0.0	0.0145	-0.033	863.0
A_03_3492	1.0	0.0	0.0	0.029	-0.033	863.0
A_03_3644	1.0	0.0	0.0	0.0435	-0.033	863.0
A_03_3652	1.0	0.0	0.0	0.058	-0.033	863.0
A_03_3728	1.0	0.0	0.0	-0.0725	-0.033	867.0
A_03_3878	1.0	0.0	0.0	-0.058	-0.033	867.0
A_03_4002	1.0	0.0	0.0	-0.0435	-0.033	867.0
A_03_4065	1.0	0.0	0.0	-0.029	-0.033	867.0
A_03_4088	1.0	0.0	0.0	-0.0145	-0.033	867.0
A_03_4114	1.0	0.0	0.0	0.0	-0.033	867.0
A_03_4173	1.0	0.0	0.0	0.0145	-0.033	867.0
A_03_4279	1.0	0.0	0.0	0.029	-0.033	867.0
A_03_4291	1.0	0.0	0.0	0.0435	-0.033	867.0
A_03_4325	1.0	0.0	0.0	0.058	-0.033	867.0
A_03_4333	1.0	0.0	0.0	-0.0725	-0.033	871.0
A_03_4345	1.0	0.0	0.0	-0.058	-0.033	871.0
A_03_4349	1.0	0.0	0.0	-0.0435	-0.033	871.0
A_03_4371	1.0	0.0	0.0	-0.029	-0.033	871.0
A_03_4462	1.0	0.0	0.0	-0.0145	-0.033	871.0
A_03_4533	1.0	0.0	0.0	0.0	-0.033	871.0
A_03_4564	1.0	0.0	0.0	0.0145	-0.033	871.0
A_03_4573	1.0	0.0	0.0	0.029	-0.033	871.0
A_03_4616	1.0	0.0	0.0	0.0435	-0.033	871.0
A_03_4669	1.0	0.0	0.0	0.058	-0.033	871.0
A_03_4700	1.0	0.0	0.0	-0.0725	-0.033	875.0
A_03_4844	1.0	0.0	0.0	-0.058	-0.033	875.0
A_03_4905	1.0	0.0	0.0	-0.0435	-0.033	875.0
A_03_4920	1.0	0.0	0.0	-0.029	-0.033	875.0
A_03_4930	1.0	0.0	0.0	-0.0145	-0.033	875.0
A_03_4956	1.0	0.0	0.0	0.0	-0.033	875.0
A_03_4978	1.0	0.0	0.0	0.0145	-0.033	875.0
A_03_5000	1.0	0.0	0.0	0.029	-0.033	875.0
A_03_5050	1.0	0.0	0.0	0.0435	-0.033	875.0
A_03_5067	1.0	0.0	0.0	0.058	-0.033	875.0
A_03_5139	1.0	0.0	0.0	-0.0725	-0.033	879.0
A_03_5143	1.0	0.0	0.0	-0.058	-0.033	879.0
A_03_5344	1.0	0.0	0.0	-0.0435	-0.033	879.0
A_03_5378	1.0	0.0	0.0	-0.029	-0.033	879.0
A_03_5409	1.0	0.0	0.0	-0.0145	-0.033	879.0
A_03_5425	1.0	0.0	0.0	0.0	-0.033	879.0
A_03_5442	1.0	0.0	0.0	0.0145	-0.033	879.0
A_03_5464	1.0	0.0	0.0	0.029	-0.033	879.0
A_03_5617	1.0	0.0	0.0	0.0435	-0.033	879.0
A_03_5663	1.0	0.0	0.0	0.058	-0.033	879.0
A_03_5718	1.0	0.0	0.0	-0.0725	-0.033	883.0
A_03_5728	1.0	0.0	0.0	-0.058	-0.033	883.0
A_03_5753	1.0	0.0	0.0	-0.0435	-0.033	883.0
A_03_5794	1.0	0.0	0.0	-0.029	-0.033	883.0
A_03_5862	1.0	0.0	0.0	-0.0145	-0.033	883.0
A_03_5967	1.0	0.0	0.0	0.0	-0.033	883.0
A_03_5974	1.0	0.0	0.0	0.0145	-0.033	883.0
A_03_6049	1.0	0.0	0.0	0.029	-0.033	883.0
A_03_6054	1.0	0.0	0.0	0.0435	-0.033	883.0
A_03_6211	1.0	0.0	0.0	0.058	-0.033	883.0
A_03_6267	1.0	0.0	0.0	-0.0725	-0.033	887.0
A_03_6311	1.0	0.0	0.0	-0.058	-0.033	887.0
A_03_6528	1.0	0.0	0.0	-0.0435	-0.033	887.0
A_03_6548	1.0	0.0	0.0	-0.029	-0.033	887.0
A_03_6592	1.0	0.0	0.0	-0.0145	-0.033	887.0
A_03_6653	1.0	0.0	0.0	0.0	-0.033	887.0
A_03_6658	1.0	0.0	0.0	0.0145	-0.033	887.0
A_03_6691	1.0	0.0	0.0	0.029	-0.033	887.0
A_03_6745	1.0	0.0	0.0	0.0435	-0.033	887.0
A_03_6755	1.0	0.0	0.0	0.058	-0.033	887.0
A_03_6888	1.0	0.0	0.0	-0.0725	-0.033	891.0
A_03_6939	1.0	0.0	0.0	-0.058	-0.033	891.0
A_03_7007	1.0	0.0	0.0	-0.0435	-0.033	891.0
A_03_7041	1.0	0.0	0.0	-0.029	-0.033	891.0
A_03_7066	1.0	0.0	0.0	-0.0145	-0.033	891.0
A_03_7119	1.0	0.0	0.0	0.0	-0.033	891.0
A_03_7144	1.0	0.0	0.0	0.0145	-0.033	891.0
A_03_7149	1.0	0.0	0.0	0.029	-0.033	891.0
A_03_7179	1.0	0.0	0.0	0.0435	-0.033	891.0
A_03_7239	1.0	0.0	0.0	0.058	-0.033	891.0
A_03_7541	1.0	0.0	0.0	-0.0725	-0.033	895.0
A_03_7711	1.0	0.0	0.0	-0.058	-0.033	895.0
A_03_8004	1.0	0.0	0.0	-0.0435	-0.033	895.0
A_03_8280	1.0	0.0	0.0	-0.029	-0.033	895.0
A_03_8288	1.0	0.0	0.0	-0.0145	-0.033	895.0
A_03_8308	1.0	0.0	0.0	0.0	-0.033	895.0
A_03_8346	1.0	0.0	0.0	0.0145	-0.033	895.0
A_03_8379	1.0	0.0	0.0	0.029	-0.033	895.0
A_03_8518	1.0	0.0	0.0	0.0435	-0.033	895.0
A_03_8666	1.0	0.0	0.0	0.058	-0.033	895.0
A_03_8785	1.0	0.0	0.0	-0.0725	-0.033	899.0
A_03_8808	1.0	0.0	0.0	-0.058	-0.033	899.0
A_03_8821	1.0	0.0	0.0	-0.0435	-0.033	899.0
A_03_8900	1.0	0.0	0.0	-0.029	-0.033	899.0
A_03_8938	1.0	0.0	0.0	-0.0145	-0.033	899.0
A_03_8977	1.0	0.0	0.0	0.0	-0.033	899.0
A_03_9038	1.0	0.0	0.0	0.0145	-0.033	899.0
A_03_9052	1.0	0.0	0.0	0.029	-0.033	899.0
A_03_9064	1.0	0.0	0.0	0.0435	-0.033	899.0
A_03_9083	1.0	0.0	0.0	0.058	-0.033	899.0
A_03_9086	1.0	0.0	0.0	-0.0725	-0.033	903.0
A_03_9173	1.0	0.0	0.0	-0.058	-0.033	903.0
A_03_9189	1.0	0.0	0.0	-0.0435	-0.033	903.0
A_03_9324	1.0	0.0	0.0	-0.029	-0.033	903.0
A_03_9446	1.0	0.0	0.0	-0.0145	-0.033	903.0
A_03_9512	1.0	0.0	0.0	0.0	-0.033	903.0
A_03_9543	1.0	0.0	0.0	0.0145	-0.033	903.0
A_03_9774	1.0	0.0	0.0	0.029	-0.033	903.0
A_03_9909	1.0	0.0	0.0	0.0435	-0.033	903.0
A_03_9932	1.0	0.0	0.0	0.058	-0.033	903.0
A_04_0090	1.0	0.0	0.0	-0.0725	-0.033	907.0
A_04_0096	1.0	0.0	0.0	-0.058	-0.033	907.0
A_04_0317	1.0	0.0	0.0	-0.0435	-0.033	907.0
A_04_0320	1.0	0.0	0.0	-0.029	-0.033	907.0
A_04_0333	1.0	0.0	0.0	-0.0145	-0.033	907.0
A_04_0400	1.0	0.0	0.0	0.0	-0.033	907.0
A_04_0441	1.0	0.0	0.0	0.0145	-0.033	907.0
A_04_0444	1.0	0.0	0.0	0.029	-0.033	907.0
A_04_0475	1.0	0.0	0.0	0.0435	-0.033	907.0
A_04_0508	1.0	0.0	0.0	0.058	-0.033	907.0
A_04_0659	1.0	0.0	0.0	-0.0725	-0.033	911.0
A_04_0757	1.0	0.0	0.0	-0.058	-0.033	911.0
A_04_0822	1.0	0.0	0.0	-0.0435	-0.033	911.0
A_04_0823	1.0	0.0	0.0	-0.029	-0.033	911.0
A_04_0853	1.0	0.0	0.0	-0.0145	-0.033	911.0
A_04_1020	1.0	0.0	0.0	0.0	-0.033	911.0
A_04_1052	1.0	0.0	0.0	0.0145	-0.033	911.0
A_04_1124	1.0	0.0	0.0	0.029	-0.033	911.0
A_04_1193	1.0	0.0	0.0	0.0435	-0.033	911.0
A_04_1269	1.0	0.0	0.0	0.058	-0.033	911.0
A_04_1320	1.0	0.0	0.0	-0.0725	-0.033	915.0
A_04_1341	1.0	0.0	0.0	-0.058	-0.033	915.0
A_04_1375	1.0	0.0	0.0	-0.0435	-0.033	915.0
A_04_1389	1.0	0.0	0.0	-0.029	-0.033	915.0
A_04_1530	1.0	0.0	0.0	-0.0145	-0.033	915.0
A_04_1746	1.0	0.0	0.0	0.0	-0.033	915.0
A_04_1988	1.0	0.0	0.0	0.0145	-0.033	915.0
A_04_2068	1.0	0.0	0.0	0.029	-0.033	915.0
A_04_2091	1.0	0.0	0.0	0.0435	-0.033	915.0
A_04_2184	1.0	0.0	0.0	0.058	-0.033	915.0
A_04_2223	1.0	0.0	0.0	-0.0725	-0.033	919.0
A_04_2267	1.0	0.0	0.0	-0.058	-0.033	919.0
A_04_2414	1.0	0.0	0.0	-0.0435	-0.033	919.0
A_04_2417	1.0	0.0	0.0	-0.029	-0.033	919.0
A_04_2471	1.0	0.0	0.0	-0.0145	-0.033	919.0
A_04_2496	1.0	0.0	0.0	0.0	-0.033	919.0
A_04_2503	1.0	0.0	0.0	0.0145	-0.033	919.0
A_04_2607	1.0	0.0	0.0	0.029	-0.033	919.0
A_04_2704	1.0	0.0	0.0	0.0435	-0.033	919.0
A_04_2780	1.0	0.0	0.0	0.058	-0.033	919.0
A_04_2881	1.0	0.0	0.0	-0.0725	-0.033	923.0
A_04_2977	1.0	0.0	0.0	-0.058	-0.033	923.0
A_04_3185	1.0	0.0	0.0	-0.0435	-0.033	923.0
A_04_3262	1.0	0.0	0.0	-0.029	-0.033	923.0
A_04_3266	1.0	0.0	0.0	-0.0145	-0.033	923.0
A_04_3388	1.0	0.0	0.0	0.0	-0.033	923.0
A_04_3443	1.0	0.0	0.0	0.0145	-0.033	923.0
A_04_3467	1.0	0.0	0.0	0.029	-0.033	923.0
A_04_3501	1.0	0.0	0.0	0.0435	-0.033	923.0
A_04_3505	1.0	0.0	0.0	0.058	-0.033	923.0
A_04_3585	1.0	0.0	0.0	-0.0725	-0.033	927.0
A_04_3595	1.0	0.0	0.0	-0.058	-0.033	927.0
A_04_3613	1.0	0.0	0.0	-0.0435	-0.033	927.0
A_04_3673	1.0	0.0	0.0	-0.029	-0.033	927.0
A_04_3680	1.0	0.0	0.0	-0.0145	-0.033	927.0
A_04_3788	1.0	0.0	0.0	0.0	-0.033	927.0
A_04_3841	1.0	0.0	0.0	0.0145	-0.033	927.0
A_04_3848	1.0	0.0	0.0	0.029	-0.033	927.0
A_04_3908	1.0	0.0	0.0	0.0435	-0.033	927.0
A_04_3919	1.0	0.0	0.0	0.058	-0.033	927.0
A_04_3997	1.0	0.0	0.0	-0.0725	-0.033	931.0
A_04_4011	1.0	0.0	0.0	-0.058	-0.033	931.0
A_04_4050	1.0	0.0	0.0	-0.0435	-0.033	931.0
A_04_4051	1.0	0.0	0.0	-0.029	-0.033	931.0
A_04_4082	1.0	0.0	0.0	-0.0145	-0.033	931.0
A_04_4133	1.0	0.0	0.0	0.0	-0.033	931.0
A_04_4246	1.0	0.0	0.0	0.0145	-0.033	931.0
A_04_4262	1.0	0.0	0.0	0.029	-0.033	931.0
A_04_4451	1.0	0.0	0.0	0.0435	-0.033	931.0
A_04_4471	1.0	0.0	0.0	0.058	-0.033	931.0
A_04_4499	1.0	0.0	0.0	-0.0725	-0.033	935.0
A_04_4543	1.0	0.0	0.0	-0.058	-0.033	935.0
A_04_4558	1.0	0.0	0.0	-0.0435	-0.033	935.0
A_04_4649	1.0	0.0	0.0	-0.029	-0.033	935.0
A_04_4681	1.0	0.0	0.0	-0.0145	-0.033	935.0
A_04_4892	1.0	0.0	0.0	0.0	-0.033	935.0
A_04_5085	1.0	0.0	0.0	0.0145	-0.033	935.0
A_04_5198	1.0	0.0	0.0	0.029	-0.033	935.0
A_04_5238	1.0	0.0	0.0	0.0435	-0.033	935.0
A_04_5279	1.0	0.0	0.0	0.058	-0.033	935.0
A_04_5355	1.0	0.0	0.0	-0.0725	-0.033	939.0
A_04_5363	1.0	0.0	0.0	-0.058	-0.033	939.0
A_04_5421	1.0	0.0	0.0	-0.0435	-0.033	939.0
A_04_5491	1.0	0.0	0.0	-0.029	-0.033	939.0
A_04_5502	1.0	0.0	0.0	-0.0145	-0.033	939.0
A_04_5507	1.0	0.0	0.0	0.0	-0.033	939.0
A_04_5529	1.0	0.0	0.0	0.0145	-0.033	939.0
A_04_5733	1.0	0.0	0.0	0.029	-0.033	939.0
A_04_5763	1.0	0.0	0.0	0.0435	-0.033	939.0
A_04_6211	1.0	0.0	0.0	0.058	-0.033	939.0
A_04_6232	1.0	0.0	0.0	-0.0725	-0.033	943.0
A_04_6275	1.0	0.0	0.0	-0.058	-0.033	943.0
A_04_6291	1.0	0.0	0.0	-0.0435	-0.033	943.0
A_04_6371	1.0	0.0	0.0	-0.029	-0.033	943.0
A_04_6381	1.0	0.0	0.0	-0.0145	-0.033	943.0
A_04_6389	1.0	0.0	0.0	0.0	-0.033	943.0
A_04_6455	1.0	0.0	0.0	0.0145	-0.033	943.0
A_04_6547	1.0	0.0	0.0	0.029	-0.033	943.0
A_04_6624	1.0	0.0	0.0	0.0435	-0.033	943.0
A_04_6678	1.0	0.0	0.0	0.058	-0.033	943.0
A_04_6790	1.0	0.0	0.0	-0.0725	-0.033	947.0
A_04_6797	1.0	0.0	0.0	-0.058	-0.033	947.0
A_04_6812	1.0	0.0	0.0	-0.0435	-0.033	947.0
A_04_6865	1.0	0.0	0.0	-0.029	-0.033	947.0
A_04_6883	1.0	0.0	0.0	-0.0145	-0.033	947.0
A_04_6906	1.0	0.0	0.0	0.0	-0.033	947.0
A_04_6965	1.0	0.0	0.0	0.0145	-0.033	947.0
A_04_6991	1.0	0.0	0.0	0.029	-0.033	947.0
A_04_7022	1.0	0.0	0.0	0.0435	-0.033	947.0
A_04_7043	1.0	0.0	0.0	0.058	-0.033	947.0
A_04_7140	1.0	0.0	0.0	-0.0725	-0.033	951.0
A_04_7206	1.0	0.0	0.0	-0.058	-0.033	951.0
A_04_7238	1.0	0.0	0.0	-0.0435	-0.033	951.0
A_04_7244	1.0	0.0	0.0	-0.029	-0.033	951.0
A_04_7251	1.0	0.0	0.0	-0.0145	-0.033	951.0
A_04_7305	1.0	0.0	0.0	0.0	-0.033	951.0
A_04_7373	1.0	0.0	0.0	0.0145	-0.033	951.0
A_04_7449	1.0	0.0	0.0	0.029	-0.033	951.0
A_04_7461	1.0	0.0	0.0	0.0435	-0.033	951.0
A_04_7478	1.0	0.0	0.0	0.058	-0.033	951.0
A_04_7564	1.0	0.0	0.0	-0.0725	-0.033	955.0
A_04_7611	1.0	0.0	0.0	-0.058	-0.033	955.0
A_04_7612	1.0	0.0	0.0	-0.0435	-0.033	955.0
A_04_7618	1.0	0.0	0.0	-0.029	-0.033	955.0
A_04_7633	1.0	0.0	0.0	-0.0145	-0.033	955.0
A_04_7657	1.0	0.0	0.0	0.0	-0.033	955.0
A_04_7705	1.0	0.0	0.0	0.0145	-0.033	955.0
A_04_7752	1.0	0.0	0.0	0.029	-0.033	955.0
A_04_7758	1.0	0.0	0.0	0.0435	-0.033	955.0
A_04_7777	1.0	0.0	0.0	0.058	-0.033	955.0
A_04_7784	1.0	0.0	0.0	-0.0725	-0.033	959.0
A_04_7814	1.0	0.0	0.0	-0.058	-0.033	959.0
A_04_7939	1.0	0.0	0.0	-0.0435	-0.033	959.0
A_04_7956	1.0	0.0	0.0	-0.029	-0.033	959.0
A_04_7999	1.0	0.0	0.0	-0.0145	-0.033	959.0
A_04_8099	1.0	0.0	0.0	0.0	-0.033	959.0
A_04_8270	1.0	0.0	0.0	0.0145	-0.033	959.0
A_04_8375	1.0	0.0	0.0	0.029	-0.033	959.0
A_04_8445	1.0	0.0	0.0	0.0435	-0.033	959.0
A_04_8486	1.0	0.0	0.0	0.058	-0.033	959.0
A_04_8540	1.0	0.0	0.0	-0.0725	-0.033	963.0
A_04_8702	1.0	0.0	0.0	-0.058	-0.033	963.0
A_04_8751	1.0	0.0	0.0	-0.0435	-0.033	963.0
A_04_8818	1.0	0.0	0.0	-0.029	-0.033	963.0
A_04_8837	1.0	0.0	0.0	-0.0145	-0.033	963.0
A_04_8849	1.0	0.0	0.0	0.0	-0.033	963.0
A_04_8890	1.0	0.0	0.0	0.0145	-0.033	963.0
A_04_8947	1.0	0.0	0.0	0.029	-0.033	963.0
A_04_8976	1.0	0.0	0.0	0.0435	-0.033	963.0
A_04_9132	1.0	0.0	0.0	0.058	-0.033	963.0
A_04_9157	1.0	0.0	0.0	-0.0725	-0.033	967.0
A_04_9246	1.0	0.0	0.0	-0.058	-0.033	967.0
A_04_9431	1.0	0.0	0.0	-0.0435	-0.033	967.0
A_04_9432	1.0	0.0	0.0	-0.029	-0.033	967.0
A_04_9502	1.0	0.0	0.0	-0.0145	-0.033	967.0
A_04_9569	1.0	0.0	0.0	0.0	-0.033	967.0
A_04_9697	1.0	0.0	0.0	0.0145	-0.033	967.0
A_04_9755	1.0	0.0	0.0	0.029	-0.033	967.0
A_04_9883	1.0	0.0	0.0	0.0435	-0.033	967.0
A_04_9939	1.0	0.0	0.0	0.058	-0.033	967.0
A_05_0166	1.0	0.0	0.0	-0.091	0.033	971.0
A_05_0200	1.0	0.0	0.0	-0.0728	0.033	971.0
A_05_0207	1.0	0.0	0.0	-0.0546	0.033	971.0
A_05_0231	1.0	0.0	0.0	-0.0364	0.033	971.0
A_05_0282	1.0	0.0	0.0	-0.0182	0.033	971.0
A_05_0420	1.0	0.0	0.0	0.0	0.033	971.0
A_05_0470	1.0	0.0	0.0	0.0182	0.033	971.0
A_05_0672	1.0	0.0	0.0	0.0364	0.033	971.0
A_05_0745	1.0	0.0	0.0	0.0546	0.033	971.0
A_05_0841	1.0	0.0	0.0	0.0728	0.033	971.0
A_05_0893	1.0	0.0	0.0	-0.091	0.033	975.0
A_05_1070	1.0	0.0	0.0	-0.0728	0.033	975.0
A_05_1129	1.0	0.0	0.0	-0.0546	0.033	975.0
A_05_1213	1.0	0.0	0.0	-0.0364	0.033	975.0
A_05_1245	1.0	0.0	0.0	-0.0182	0.033	975.0
A_05_1402	1.0	0.0	0.0	0.0	0.033	975.0
A_05_1419	1.0	0.0	0.0	0.0182	0.033	975.0
A_05_1524	1.0	0.0	0.0	0.0364	0.033	975.0
A_05_1647	1.0	0.0	0.0	0.0546	0.033	975.0
A_05_1669	1.0	0.0	0.0	0.0728	0.033	975.0
A_05_1680	1.0	0.0	0.0	-0.091	0.033	979.0
A_05_1729	1.0	0.0	0.0	-0.0728	0.033	979.0
A_05_1771	1.0	0.0	0.0	-0.0546	0.033	979.0
A_05_1869	1.0	0.0	0.0	-0.0364	0.033	979.0
A_05_1874	1.0	0.0	0.0	-0.0182	0.033	979.0
A_05_1876	1.0	0.0	0.0	0.0	0.033	979.0
A_05_1958	1.0	0.0	0.0	0.0182	0.033	979.0
A_05_1976	1.0	0.0	0.0	0.0364	0.033	979.0
A_05_1983	1.0	0.0	0.0	0.0546	0.033	979.0
A_05_2068	1.0	0.0	0.0	0.0728	0.033	979.0
A_05_2073	1.0	0.0	0.0	-0.091	0.033	983.0
A_05_2506	1.0	0.0	0.0	-0.0728	0.033	983.0
A_05_2683	1.0	0.0	0.0	-0.0546	0.033	983.0
A_05_2749	1.0	0.0	0.0	-0.0364	0.033	983.0
A_05_2885	1.0	0.0	0.0	-0.0182	0.033	983.0
A_05_2939	1.0	0.0	0.0	0.0	0.033	983.0
A_05_2979	1.0	0.0	0.0	0.0182	0.033	983.0
A_05_3020	1.0	0.0	0.0	0.0364	0.033	983.0
A_05_3033	1.0	0.0	0.0	0.0546	0.033	983.0
A_05_3130	1.0	0.0	0.0	0.0728	0.033	983.0
A_05_3138	1.0	0.0	0.0	-0.091	0.033	987.0
A_05_3155	1.0	0.0	0.0	-0.0728	0.033	987.0
A_05_3180	1.0	0.0	0.0	-0.0546	0.033	987.0
A_05_3249	1.0	0.0	0.0	-0.0364	0.033	987.0
A_05_3475	1.0	0.0	0.0	-0.0182	0.033	987.0
A_05_3545	1.0	0.0	0.0	0.0	0.033	987.0
A_05_3571	1.0	0.0	0.0	0.0182	0.033	987.0
A_05_3630	1.0	0.0	0.0	0.0364	0.033	987.0
A_05_3727	1.0	0.0	0.0	0.0546	0.033	987.0
A_05_3777	1.0	0.0	0.0	0.0728	0.033	987.0
A_05_3937	1.0	0.0	0.0	-0.091	0.033	991.0
A_05_3954	1.0	0.0	0.0	-0.0728	0.033	991.0
A_05_3978	1.0	0.0	0.0	-0.0546	0.033	991.0
A_05_3986	1.0	0.0	0.0	-0.0364	0.033	991.0
A_05_3995	1.0	0.0	0.0	-0.0182	0.033	991.0
A_05_4022	1.0	0.0	0.0	0.0	0.033	991.0
A_05_4118	1.0	0.0	0.0	0.0182	0.033	991.0
A_05_4136	1.0	0.0	0.0	0.0364	0.033	991.0
A_05_4198	1.0	0.0	0.0	0.0546	0.033	991.0
A_05_4232	1.0	0.0	0.0	0.0728	0.033	991.0
A_05_4397	1.0	0.0	0.0	-0.091	0.033	995.0
A_05_4425	1.0	0.0	0.0	-0.0728	0.033	995.0
A_05_4438	1.0	0.0	0.0	-0.0546	0.033	995.0
A_05_4494	1.0	0.0	0.0	-0.0364	0.033	995.0
A_05_4526	1.0	0.0	0.0	-0.0182	0.033	995.0
A_05_4530	1.0	0.0	0.0	0.0	0.033	995.0
A_05_4569	1.0	0.0	0.0	0.0182	0.033	995.0
A_05_4581	1.0	0.0	0.0	0.0364	0.033	995.0
A_05_4636	1.0	0.0	0.0	0.0546	0.033	995.0
A_05_4658	1.0	0.0	0.0	0.0728	0.033	995.0
A_05_4786	1.0	0.0	0.0	-0.091	0.033	999.0
A_05_4820	1.0	0.0	0.0	-0.0728	0.033	999.0
A_05_4853	1.0	0.0	0.0	-0.0546	0.033	999.0
A_05_4941	1.0	0.0	0.0	-0.0364	0.033	999.0
A_05_4952	1.0	0.0	0.0	-0.0182	0.033	999.0
A_05_5016	1.0	0.0	0.0	0.0	0.033	999.0
A_05_5023	1.0	0.0	0.0	0.0182	0.033	999.0
A_05_5096	1.0	0.0	0.0	0.0364	0.033	999.0
A_05_5111	1.0	0.0	0.0	0.0546	0.033	999.0
A_05_5169	1.0	0.0	0.0	0.0728	0.033	999.0
A_05_5280	1.0	0.0	0.0	-0.091	0.033	1003.0
A_05_5325	1.0	0.0	0.0	-0.0728	0.033	1003.0
A_05_5419	1.0	0.0	0.0	-0.0546	0.033	1003.0
A_05_5511	1.0	0.0	0.0	-0.0364	0.033	1003.0
A_05_5576	1.0	0.0	0.0	-0.0182	0.033	1003.0
A_05_5582	1.0	0.0	0.0	0.0	0.033	1003.0
A_05_5590	1.0	0.0	0.0	0.0182	0.033	1003.0
A_05_5632	1.0	0.0	0.0	0.0364	0.033	1003.0
A_05_5688	1.0	0.0	0.0	0.0546	0.033	1003.0
A_05_5764	1.0	0.0	0.0	0.0728	0.033	1003.0
A_05_5813	1.0	0.0	0.0	-0.091	0.033	1007.0
A_05_5912	1.0	0.0	0.0	-0.0728	0.033	1007.0
A_05_5934	1.0	0.0	0.0	-0.0546	0.033	1007.0
A_05_6043	1.0	0.0	0.0	-0.0364	0.033	1007.0
A_05_6046	1.0	0.0	0.0	-0.0182	0.033	1007.0
A_05_6071	1.0	0.0	0.0	0.0	0.033	1007.0
A_05_6149	1.0	0.0	0.0	0.0182	0.033	1007.0
A_05_6209	1.0	0.0	0.0	0.0364	0.033	1007.0
A_05_6498	1.0	0.0	0.0	0.0546	0.033	1007.0
A_05_6565	1.0	0.0	0.0	0.0728	0.033	1007.0
A_05_6625	1.0	0.0	0.0	-0.091	0.033	1011.0
A_05_6658	1.0	0.0	0.0	-0.0728	0.033	1011.0
A_05_6882	1.0	0.0	0.0	-0.0546	0.033	1011.0
A_05_6971	1.0	0.0	0.0	-0.0364	0.033	1011.0
A_05_7018	1.0	0.0	0.0	-0.0182	0.033	1011.0
A_05_7102	1.0	0.0	0.0	0.0	0.033	1011.0
A_05_7135	1.0	0.0	0.0	0.0182	0.033	1011.0
A_05_7136	1.0	0.0	0.0	0.0364	0.033	1011.0
A_05_7216	1.0	0.0	0.0	0.0546	0.033	1011.0
A_05_7342	1.0	0.0	0.0	0.0728	0.033	1011.0
A_05_7385	1.0	0.0	0.0	-0.091	0.033	1015.0
A_05_7434	1.0	0.0	0.0	-0.0728	0.033	1015.0
A_05_7532	1.0	0.0	0.0	-0.0546	0.033	1015.0
A_05_7613	1.0	0.0	0.0	-0.0364	0.033	1015.0
A_05_7616	1.0	0.0	0.0	-0.0182	0.033	1015.0
A_05_7619	1.0	0.0	0.0	0.0	0.033	1015.0
A_05_7690	1.0	0.0	0.0	0.0182	0.033	1015.0
A_05_7753	1.0	0.0	0.0	0.0364	0.033	1015.0
A_05_7800	1.0	0.0	0.0	0.0546	0.033	1015.0
A_05_7827	1.0	0.0	0.0	0.0728	0.033	1015.0
A_05_7843	1.0	0.0	0.0	-0.091	0.033	1019.0
A_05_7921	1.0	0.0	0.0	-0.0728	0.033	1019.0
A_05_7933	1.0	0.0	0.0	-0.0546	0.033	1019.0
A_05_7988	1.0	0.0	0.0	-0.0364	0.033	1019.0
A_05_8004	1.0	0.0	0.0	-0.0182	0.033	1019.0
A_05_8031	1.0	0.0	0.0	0.0	0.033	1019.0
A_05_8041	1.0	0.0	0.0	0.0182	0.033	1019.0
A_05_8042	1.0	0.0	0.0	0.0364	0.033	1019.0
A_05_8056	1.0	0.0	0.0	0.0546	0.033	1019.0
A_05_8098	1.0	0.0	0.0	0.0728	0.033	1019.0
A_05_8289	1.0	0.0	0.0	-0.091	0.033	1023.0
A_05_8464	1.0	0.0	0.0	-0.0728	0.033	1023.0
A_05_8548	1.0	0.0	0.0	-0.0546	0.033	1023.0
A_05_8595	1.0	0.0	0.0	-0.0364	0.033	1023.0
A_05_8698	1.0	0.0	0.0	-0.0182	0.033	1023.0
A_05_8728	1.0	0.0	0.0	0.0	0.033	1023.0
A_05_8751	1.0	0.0	0.0	0.0182	0.033	1023.0
A_05_8779	1.0	0.0	0.0	0.0364	0.033	1023.0
A_05_8817	1.0	0.0	0.0	0.0546	0.033	1023.0
A_05_9017	1.0	0.0	0.0	0.0728	0.033	1023.0
A_05_9066	1.0	0.0	0.0	-0.091	0.033	1027.0
A_05_9068	1.0	0.0	0.0	-0.0728	0.033	1027.0
A_05_9096	1.0	0.0	0.0	-0.0546	0.033	1027.0
A_05_9106	1.0	0.0	0.0	-0.0364	0.033	1027.0
A_05_9240	1.0	0.0	0.0	-0.0182	0.033	1027.0
A_05_9272	1.0	0.0	0.0	0.0	0.033	1027.0
A_05_9336	1.0	0.0	0.0	0.0182	0.033	1027.0
A_05_9405	1.0	0.0	0.0	0.0364	0.033	1027.0
A_05_9433	1.0	0.0	0.0	0.0546	0.033	1027.0
A_05_9481	1.0	0.0	0.0	0.0728	0.033	1027.0
A_05_9528	1.0	0.0	0.0	-0.091	0.033	1031.0
A_05_9659	1.0	0.0	0.0	-0.0728	0.033	1031.0
A_05_9700	1.0	0.0	0.0	-0.0546	0.033	1031.0
A_05_9707	1.0	0.0	0.0	-0.0364	0.033	1031.0
A_05_9767	1.0	0.0	0.0	-0.0182	0.033	1031.0
A_05_9777	1.0	0.0	0.0	0.0	0.033	1031.0
A_05_9837	1.0	0.0	0.0	0.0182	0.033	1031.0
A_05_9926	1.0	0.0	0.0	0.0364	0.033	1031.0
A_05_9949	1.0	0.0	0.0	0.0546	0.033	1031.0
A_05_9999	1.0	0.0	0.0	0.0728	0.033	1031.0
A_06_0018	1.0	0.0	0.0	-0.091	0.033	1035.0
A_06_0043	1.0	0.0	0.0	-0.0728	0.033	1035.0
A_06_0224	1.0	0.0	0.0	-0.0546	0.033	1035.0
A_06_0339	1.0	0.0	0.0	-0.0364	0.033	1035.0
A_06_0423	1.0	0.0	0.0	-0.0182	0.033	1035.0
A_06_0472	1.0	0.0	0.0	0.0	0.033	1035.0
A_06_0534	1.0	0.0	0.0	0.0182	0.033	1035.0
A_06_0601	1.0	0.0	0.0	0.0364	0.033	1035.0
A_06_0653	1.0	0.0	0.0	0.0546	0.033	1035.0
A_06_0659	1.0	0.0	0.0	0.0728	0.033	1035.0
A_06_0845	1.0	0.0	0.0	-0.091	0.033	1039.0
A_06_0878	1.0	0.0	0.0	-0.0728	0.033	1039.0
A_06_0888	1.0	0.0	0.0	-0.0546	0.033	1039.0
A_06_0977	1.0	0.0	0.0	-0.0364	0.033	1039.0
A_06_0986	1.0	0.0	0.0	-0.0182	0.033	1039.0
A_06_1166	1.0	0.0	0.0	0.0	0.033	1039.0
A_06_1169	1.0	0.0	0.0	0.0182	0.033	1039.0
A_06_1229	1.0	0.0	0.0	0.0364	0.033	1039.0
A_06_1317	1.0	0.0	0.0	0.0546	0.033	1039.0
A_06_1330	1.0	0.0	0.0	0.0728	0.033	1039.0
A_06_1395	1.0	0.0	0.0	-0.091	0.033	1043.0
A_06_1442	1.0	0.0	0.0	-0.0728	0.033	1043.0
A_06_1494	1.0	0.0	0.0	-0.0546	0.033	1043.0
A_06_1496	1.0	0.0	0.0	-0.0364	0.033	1043.0
A_06_1527	1.0	0.0	0.0	-0.0182	0.033	1043.0
A_06_1625	1.0	0.0	0.0	0.0	0.033	1043.0
A_06_1713	1.0	0.0	0.0	0.0182	0.033	1043.0
A_06_1858	1.0	0.0	0.0	0.0364	0.033	1043.0
A_06_1880	1.0	0.0	0.0	0.0546	0.033	1043.0
A_06_1899	1.0	0.0	0.0	0.0728	0.033	1043.0
A_06_1924	1.0	0.0	0.0	-0.091	0.033	1047.0
A_06_1940	1.0	0.0	0.0	-0.0728	0.033	1047.0
A_06_1989	1.0	0.0	0.0	-0.0546	0.033	1047.0
A_06_2037	1.0	0.0	0.0	-0.0364	0.033	1047.0
A_06_2146	1.0	0.0	0.0	-0.0182	0.033	1047.0
A_06_2330	1.0	0.0	0.0	0.0	0.033	1047.0
A_06_2441	1.0	0.0	0.0	0.0182	0.033	1047.0
A_06_2444	1.0	0.0	0.0	0.0364	0.033	1047.0
A_06_2485	1.0	0.0	0.0	0.0546	0.033	1047.0
A_06_2522	1.0	0.0	0.0	0.0728	0.033	1047.0
A_06_2564	1.0	0.0	0.0	-0.091	0.033	1051.0
A_06_2573	1.0	0.0	0.0	-0.0728	0.033	1051.0
A_06_2594	1.0	0.0	0.0	-0.0546	0.033	1051.0
A_06_2634	1.0	0.0	0.0	-0.0364	0.033	1051.0
A_06_2718	1.0	0.0	0.0	-0.0182	0.033	1051.0
A_06_2847	1.0	0.0	0.0	0.0	0.033	1051.0
A_06_2870	1.0	0.0	0.0	0.0182	0.033	1051.0
A_06_2973	1.0	0.0	0.0	0.0364	0.033	1051.0
A_06_3073	1.0	0.0	0.0	0.0546	0.033	1051.0
A_06_3241	1.0	0.0	0.0	0.0728	0.033	1051.0
A_06_3335	1.0	0.0	0.0	-0.091	0.033	1055.0
A_06_3404	1.0	0.0	0.0	-0.0728	0.033	1055.0
A_06_3457	1.0	0.0	0.0	-0.0546	0.033	1055.0
A_06_3681	1.0	0.0	0.0	-0.0364	0.033	1055.0
A_06_3683	1.0	0.0	0.0	-0.0182	0.033	1055.0
A_06_3697	1.0	0.0	0.0	0.0	0.033	1055.0
A_06_3750	1.0	0.0	0.0	0.0182	0.033	1055.0
A_06_3792	1.0	0.0	0.0	0.0364	0.033	1055.0
A_06_3824	1.0	0.0	0.0	0.0546	0.033	1055.0
A_06_3920	1.0	0.0	0.0	0.0728	0.033	1055.0
A_06_3929	1.0	0.0	0.0	-0.091	0.033	1059.0
A_06_4066	1.0	0.0	0.0	-0.0728	0.033	1059.0
A_06_4102	1.0	0.0	0.0	-0.0546	0.033	1059.0
A_06_4135	1.0	0.0	0.0	-0.0364	0.033	1059.0
A_06_4334	1.0	0.0	0.0	-0.0182	0.033	1059.0
A_06_4335	1.0	0.0	0.0	0.0	0.033	1059.0
A_06_4352	1.0	0.0	0.0	0.0182	0.033	1059.0
A_06_4375	1.0	0.0	0.0	0.0364	0.033	1059.0
A_06_4415	1.0	0.0	0.0	0.0546	0.033	1059.0
A_06_4460	1.0	0.0	0.0	0.0728	0.033	1059.0
A_06_4557	1.0	0.0	0.0	-0.091	0.033	1063.0
A_06_4632	1.0	0.0	0.0	-0.0728	0.033	1063.0
A_06_4719	1.0	0.0	0.0	-0.0546	0.033	1063.0
A_06_4720	1.0	0.0	0.0	-0.0364	0.033	1063.0
A_06_4722	1.0	0.0	0.0	-0.0182	0.033	1063.0
A_06_4728	1.0	0.0	0.0	0.0	0.033	1063.0
A_06_4771	1.0	0.0	0.0	0.0182	0.033	1063.0
A_06_4781	1.0	0.0	0.0	0.0364	0.033	1063.0
A_06_4871	1.0	0.0	0.0	0.0546	0.033	1063.0
A_06_4978	1.0	0.0	0.0	0.0728	0.033	1063.0
A_06_4982	1.0	0.0	0.0	-0.091	0.033	1067.0
A_06_5003	1.0	0.0	0.0	-0.0728	0.033	1067.0
A_06_5039	1.0	0.0	0.0	-0.0546	0.033	1067.0
A_06_5091	1.0	0.0	0.0	-0.0364	0.033	1067.0
A_06_5153	1.0	0.0	0.0	-0.0182	0.033	1067.0
A_06_5260	1.0	0.0	0.0	0.0	0.033	1067.0
A_06_5280	1.0	0.0	0.0	0.0182	0.033	1067.0
A_06_5296	1.0	0.0	0.0	0.0364	0.033	1067.0
A_06_5403	1.0	0.0	0.0	0.0546	0.033	1067.0
A_06_5460	1.0	0.0	0.0	0.0728	0.033	1067.0
A_06_5700	1.0	0.0	0.0	-0.091	0.033	1071.0
A_06_5927	1.0	0.0	0.0	-0.0728	0.033	1071.0
A_06_6232	1.0	0.0	0.0	-0.0546	0.033	1071.0
A_06_6561	1.0	0.0	0.0	-0.0364	0.033	1071.0
A_06_6594	1.0	0.0	0.0	-0.0182	0.033	1071.0
A_06_6622	1.0	0.0	0.0	0.0	0.033	1071.0
A_06_6684	1.0	0.0	0.0	0.0182	0.033	1071.0
A_06_6690	1.0	0.0	0.0	0.0364	0.033	1071.0
A_06_6693	1.0	0.0	0.0	0.0546	0.033	1071.0
A_06_6744	1.0	0.0	0.0	0.0728	0.033	1071.0
A_06_6770	1.0	0.0	0.0	-0.091	0.033	1075.0
A_06_6818	1.0	0.0	0.0	-0.0728	0.033	1075.0
A_06_6965	1.0	0.0	0.0	-0.0546	0.033	1075.0
A_06_7025	1.0	0.0	0.0	-0.0364	0.033	1075.0
A_06_7078	1.0	0.0	0.0	-0.0182	0.033	1075.0
A_06_7141	1.0	0.0	0.0	0.0	0.033	1075.0
A_06_7172	1.0	0.0	0.0	0.0182	0.033	1075.0
A_06_7178	1.0	0.0	0.0	0.0364	0.033	1075.0
A_06_7195	1.0	0.0	0.0	0.0546	0.033	1075.0
A_06_7242	1.0	0.0	0.0	0.0728	0.033	1075.0
A_06_7245	1.0	0.0	0.0	-0.091	0.033	1079.0
A_06_7253	1.0	0.0	0.0	-0.0728	0.033	1079.0
A_06_7381	1.0	0.0	0.0	-0.0546	0.033	1079.0
A_06_7438	1.0	0.0	0.0	-0.0364	0.033	1079.0
A_06_7451	1.0	0.0	0.0	-0.0182	0.033	1079.0
A_06_7560	1.0	0.0	0.0	0.0	0.033	1079.0
A_06_7569	1.0	0.0	0.0	0.0182	0.033	1079.0
A_06_7679	1.0	0.0	0.0	0.0364	0.033	1079.0
A_06_7699	1.0	0.0	0.0	0.0546	0.033	1079.0
A_06_7700	1.0	0.0	0.0	0.0728	0.033	1079.0
A_06_7708	1.0	0.0	0.0	-0.091	0.033	1083.0
A_06_7941	1.0	0.0	0.0	-0.0728	0.033	1083.0
A_06_8056	1.0	0.0	0.0	-0.0546	0.033	1083.0
A_06_8090	1.0	0.0	0.0	-0.0364	0.033	1083.0
A_06_8117	1.0	0.0	0.0	-0.0182	0.033	1083.0
A_06_8165	1.0	0.0	0.0	0.0	0.033	1083.0
A_06_8167	1.0	0.0	0.0	0.0182	0.033	1083.0
A_06_8199	1.0	0.0	0.0	0.0364	0.033	1083.0
A_06_8337	1.0	0.0	0.0	0.0546	0.033	1083.0
A_06_8431	1.0	0.0	0.0	0.0728	0.033	1083.0
A_06_8494	1.0	0.0	0.0	-0.091	0.033	1087.0
A_06_8502	1.0	0.0	0.0	-0.0728	0.033	1087.0
A_06_8561	1.0	0.0	0.0	-0.0546	0.033	1087.0
A_06_8847	1.0	0.0	0.0	-0.0364	0.033	1087.0
A_06_8889	1.0	0.0	0.0	-0.0182	0.033	1087.0
A_06_8922	1.0	0.0	0.0	0.0	0.033	1087.0
A_06_8998	1.0	0.0	0.0	0.0182	0.033	1087.0
A_06_9012	1.0	0.0	0.0	0.0364	0.033	1087.0
A_06_9024	1.0	0.0	0.0	0.0546	0.033	1087.0
A_06_9043	1.0	0.0	0.0	0.0728	0.033	1087.0
A_06_9048	1.0	0.0	0.0	-0.091	0.033	1091.0
A_06_9143	1.0	0.0	0.0	-0.0728	0.033	1091.0
A_06_9221	1.0	0.0	0.0	-0.0546	0.033	1091.0
A_06_9316	1.0	0.0	0.0	-0.0364	0.033	1091.0
A_06_9325	1.0	0.0	0.0	-0.0182	0.033	1091.0
A_06_9424	1.0	0.0	0.0	0.0	0.033	1091.0
A_06_9441	1.0	0.0	0.0	0.0182	0.033	1091.0
A_06_9453	1.0	0.0	0.0	0.0364	0.033	1091.0
A_06_9590	1.0	0.0	0.0	0.0546	0.033	1091.0
A_06_9619	1.0	0.0	0.0	0.0728	0.033	1091.0
A_06_9642	1.0	0.0	0.0	-0.091	0.033	1095.0
A_06_9663	1.0	0.0	0.0	-0.0728	0.033	1095.0
A_06_9729	1.0	0.0	0.0	-0.0546	0.033	1095.0
A_06_9749	1.0	0.0	0.0	-0.0364	0.033	1095.0
A_06_9766	1.0	0.0	0.0	-0.0182	0.033	1095.0
A_06_9798	1.0	0.0	0.0	0.0	0.033	1095.0
A_06_9891	1.0	0.0	0.0	0.0182	0.033	1095.0
A_06_9933	1.0	0.0	0.0	0.0364	0.033	1095.0
A_06_9975	1.0	0.0	0.0	0.0546	0.033	1095.0
A_06_9988	1.0	0.0	0.0	0.0728	0.033	1095.0
A_07_0042	1.0	0.0	0.0	-0.091	0.033	1099.0
A_07_0132	1.0	0.0	0.0	-0.0728	0.033	1099.0
A_07_0153	1.0	0.0	0.0	-0.0546	0.033	1099.0
A_07_0251	1.0	0.0	0.0	-0.0364	0.033	1099.0
A_07_0359	1.0	0.0	0.0	-0.0182	0.033	1099.0
A_07_0474	1.0	0.0	0.0	0.0	0.033	1099.0
A_07_0546	1.0	0.0	0.0	0.0182	0.033	1099.0
A_07_0588	1.0	0.0	0.0	0.0364	0.033	1099.0
A_07_0606	1.0	0.0	0.0	0.0546	0.033	1099.0
A_07_0645	1.0	0.0	0.0	0.0728	0.033	1099.0
A_07_0715	1.0	0.0	0.0	-0.091	0.033	1103.0
A_07_0753	1.0	0.0	0.0	-0.0728	0.033	1103.0
A_07_0803	1.0	0.0	0.0	-0.0546	0.033	1103.0
A_07_0919	1.0	0.0	0.0	-0.0364	0.033	1103.0
A_07_1121	1.0	0.0	0.0	-0.0182	0.033	1103.0
A_07_1143	1.0	0.0	0.0	0.0	0.033	1103.0
A_07_1210	1.0	0.0	0.0	0.0182	0.033	1103.0
A_07_1225	1.0	0.0	0.0	0.0364	0.033	1103.0
A_07_1293	1.0	0.0	0.0	0.0546	0.033	1103.0
A_07_1315	1.0	0.0	0.0	0.0728	0.033	1103.0
A_07_1480	1.0	0.0	0.0	-0.091	0.033	1107.0
A_07_1591	1.0	0.0	0.0	-0.0728	0.033	1107.0
A_07_1612	1.0	0.0	0.0	-0.0546	0.033	1107.0
A_07_1633	1.0	0.0	0.0	-0.0364	0.033	1107.0
A_07_1644	1.0	0.0	0.0	-0.0182	0.033	1107.0
A_07_1646	1.0	0.0	0.0	0.0	0.033	1107.0
A_07_1747	1.0	0.0	0.0	0.0182	0.033	1107.0
A_07_2068	1.0	0.0	0.0	0.0364	0.033	1107.0
A_07_2236	1.0	0.0	0.0	0.0546	0.033	1107.0
A_07_2240	1.0	0.0	0.0	0.0728	0.033	1107.0
A_07_2344	1.0	0.0	0.0	-0.091	0.033	1111.0
A_07_2361	1.0	0.0	0.0	-0.0728	0.033	1111.0
A_07_2369	1.0	0.0	0.0	-0.0546	0.033	1111.0
A_07_2385	1.0	0.0	0.0	-0.0364	0.033	1111.0
A_07_2434	1.0	0.0	0.0	-0.0182	0.033	1111.0
A_07_2492	1.0	0.0	0.0	0.0	0.033	1111.0
A_07_2529	1.0	0.0	0.0	0.0182	0.033	1111.0
A_07_2588	1.0	0.0	0.0	0.0364	0.033	1111.0
A_07_2725	1.0	0.0	0.0	0.0546	0.033	1111.0
A_07_2785	1.0	0.0	0.0	0.0728	0.033	1111.0
A_07_2868	1.0	0.0	0.0	-0.091	0.033	1115.0
A_07_2950	1.0	0.0	0.0	-0.0728	0.033	1115.0
A_07_3090	1.0	0.0	0.0	-0.0546	0.033	1115.0
A_07_3115	1.0	0.0	0.0	-0.0364	0.033	1115.0
A_07_3122	1.0	0.0	0.0	-0.0182	0.033	1115.0
A_07_3263	1.0	0.0	0.0	0.0	0.033	1115.0
A_07_3588	1.0	0.0	0.0	0.0182	0.033	1115.0
A_07_3727	1.0	0.0	0.0	0.0364	0.033	1115.0
A_07_3770	1.0	0.0	0.0	0.0546	0.033	1115.0
A_07_3804	1.0	0.0	0.0	0.0728	0.033	1115.0
A_07_3826	1.0	0.0	0.0	-0.091	0.033	1119.0
A_07_3846	1.0	0.0	0.0	-0.0728	0.033	1119.0
A_07_3886	1.0	0.0	0.0	-0.0546	0.033	1119.0
A_07_3912	1.0	0.0	0.0	-0.0364	0.033	1119.0
A_07_3945	1.0	0.0	0.0	-0.0182	0.033	1119.0
A_07_3993	1.0	0.0	0.0	0.0	0.033	1119.0
A_07_4000	1.0	0.0	0.0	0.0182	0.033	1119.0
A_07_4097	1.0	0.0	0.0	0.0364	0.033	1119.0
A_07_4106	1.0	0.0	0.0	0.0546	0.033	1119.0
A_07_4161	1.0	0.0	0.0	0.0728	0.033	1119.0
A_07_4183	1.0	0.0	0.0	-0.091	0.033	1123.0
A_07_4342	1.0	0.0	0.0	-0.0728	0.033	1123.0
A_07_4377	1.0	0.0	0.0	-0.0546	0.033	1123.0
A_07_4479	1.0	0.0	0.0	-0.0364	0.033	1123.0
A_07_4497	1.0	0.0	0.0	-0.0182	0.033	1123.0
A_07_4526	1.0	0.0	0.0	0.0	0.033	1123.0
A_07_4634	1.0	0.0	0.0	0.0182	0.033	1123.0
A_07_4689	1.0	0.0	0.0	0.0364	0.033	1123.0
A_07_4708	1.0	0.0	0.0	0.0546	0.033	1123.0
A_07_4712	1.0	0.0	0.0	0.0728	0.033	1123.0
A_07_4806	1.0	0.0	0.0	-0.091	0.033	1127.0
A_07_4837	1.0	0.0	0.0	-0.0728	0.033	1127.0
A_07_4847	1.0	0.0	0.0	-0.0546	0.033	1127.0
A_07_4891	1.0	0.0	0.0	-0.0364	0.033	1127.0
A_07_4901	1.0	0.0	0.0	-0.0182	0.033	1127.0
A_07_4906	1.0	0.0	0.0	0.0	0.033	1127.0
A_07_4949	1.0	0.0	0.0	0.0182	0.033	1127.0
A_07_5061	1.0	0.0	0.0	0.0364	0.033	1127.0
A_07_5188	1.0	0.0	0.0	0.0546	0.033	1127.0
A_07_5213	1.0	0.0	0.0	0.0728	0.033	1127.0
A_07_5272	1.0	0.0	0.0	-0.091	0.033	1131.0
A_07_5314	1.0	0.0	0.0	-0.0728	0.033	1131.0
A_07_5383	1.0	0.0	0.0	-0.0546	0.033	1131.0
A_07_5439	1.0	0.0	0.0	-0.0364	0.033	1131.0
A_07_5446	1.0	0.0	0.0	-0.0182	0.033	1131.0
A_07_5546	1.0	0.0	0.0	0.0	0.033	1131.0
A_07_5568	1.0	0.0	0.0	0.0182	0.033	1131.0
A_07_5654	1.0	0.0	0.0	0.0364	0.033	1131.0
A_07_5661	1.0	0.0	0.0	0.0546	0.033	1131.0
A_07_5772	1.0	0.0	0.0	0.0728	0.033	1131.0
A_07_5873	1.0	0.0	0.0	-0.091	0.033	1135.0
A_07_5881	1.0	0.0	0.0	-0.0728	0.033	1135.0
A_07_6141	1.0	0.0	0.0	-0.0546	0.033	1135.0
A_07_6180	1.0	0.0	0.0	-0.0364	0.033	1135.0
A_07_6226	1.0	0.0	0.0	-0.0182	0.033	1135.0
A_07_6246	1.0	0.0	0.0	0.0	0.033	1135.0
A_07_6248	1.0	0.0	0.0	0.0182	0.033	1135.0
A_07_6267	1.0	0.0	0.0	0.0364	0.033	1135.0
A_07_6274	1.0	0.0	0.0	0.0546	0.033	1135.0
A_07_6284	1.0	0.0	0.0	0.0728	0.033	1135.0
A_07_6302	1.0	0.0	0.0	-0.091	0.033	1139.0
A_07_6325	1.0	0.0	0.0	-0.0728	0.033	1139.0
A_07_6484	1.0	0.0	0.0	-0.0546	0.033	1139.0
A_07_6512	1.0	0.0	0.0	-0.0364	0.033	1139.0
A_07_6717	1.0	0.0	0.0	-0.0182	0.033	1139.0
A_07_6730	1.0	0.0	0.0	0.0	0.033	1139.0
A_07_6751	1.0	0.0	0.0	0.0182	0.033	1139.0
A_07_6798	1.0	0.0	0.0	0.0364	0.033	1139.0
A_07_6807	1.0	0.0	0.0	0.0546	0.033	1139.0
A_07_6951	1.0	0.0	0.0	0.0728	0.033	1139.0
A_07_7056	1.0	0.0	0.0	-0.091	0.033	1143.0
A_07_7110	1.0	0.0	0.0	-0.0728	0.033	1143.0
A_07_7213	1.0	0.0	0.0	-0.0546	0.033	1143.0
A_07_7222	1.0	0.0	0.0	-0.0364	0.033	1143.0
A_07_7237	1.0	0.0	0.0	-0.0182	0.033	1143.0
A_07_7269	1.0	0.0	0.0	0.0	0.033	1143.0
A_07_7316	1.0	0.0	0.0	0.0182	0.033	1143.0
A_07_7460	1.0	0.0	0.0	0.0364	0.033	1143.0
A_07_7483	1.0	0.0	0.0	0.0546	0.033	1143.0
A_07_7484	1.0	0.0	0.0	0.0728	0.033	1143.0
A_07_7486	1.0	0.0	0.0	-0.091	0.033	1147.0
A_07_7529	1.0	0.0	0.0	-0.0728	0.033	1147.0
A_07_7555	1.0	0.0	0.0	-0.0546	0.033	1147.0
A_07_7622	1.0	0.0	0.0	-0.0364	0.033	1147.0
A_07_7692	1.0	0.0	0.0	-0.0182	0.033	1147.0
A_07_7736	1.0	0.0	0.0	0.0	0.033	1147.0
A_07_7749	1.0	0.0	0.0	0.0182	0.033	1147.0
A_07_7905	1.0	0.0	0.0	0.0364	0.033	1147.0
A_07_7916	1.0	0.0	0.0	0.0546	0.033	1147.0
A_07_7935	1.0	0.0	0.0	0.0728	0.033	1147.0
A_07_7994	1.0	0.0	0.0	-0.091	0.033	1151.0
A_07_8022	1.0	0.0	0.0	-0.0728	0.033	1151.0
A_07_8115	1.0	0.0	0.0	-0.0546	0.033	1151.0
A_07_8138	1.0	0.0	0.0	-0.0364	0.033	1151.0
A_07_8153	1.0	0.0	0.0	-0.0182	0.033	1151.0
A_07_8229	1.0	0.0	0.0	0.0	0.033	1151.0
A_07_8318	1.0	0.0	0.0	0.0182	0.033	1151.0
A_07_8327	1.0	0.0	0.0	0.0364	0.033	1151.0
A_07_8617	1.0	0.0	0.0	0.0546	0.033	1151.0
A_07_8702	1.0	0.0	0.0	0.0728	0.033	1151.0
A_07_8742	1.0	0.0	0.0	-0.091	0.033	1155.0
A_07_8824	1.0	0.0	0.0	-0.0728	0.033	1155.0
A_07_8864	1.0	0.0	0.0	-0.0546	0.033	1155.0
A_07_8903	1.0	0.0	0.0	-0.0364	0.033	1155.0
A_07_8955	1.0	0.0	0.0	-0.0182	0.033	1155.0
A_07_9031	1.0	0.0	0.0	0.0	0.033	1155.0
A_07_9042	1.0	0.0	0.0	0.0182	0.033	1155.0
A_07_9272	1.0	0.0	0.0	0.0364	0.033	1155.0
A_07_9368	1.0	0.0	0.0	0.0546	0.033	1155.0
A_07_9370	1.0	0.0	0.0	0.0728	0.033	1155.0
A_07_9417	1.0	0.0	0.0	-0.091	0.033	1159.0
A_07_9501	1.0	0.0	0.0	-0.0728	0.033	1159.0
A_07_9554	1.0	0.0	0.0	-0.0546	0.033	1159.0
A_07_9616	1.0	0.0	0.0	-0.0364	0.033	1159.0
A_07_9626	1.0	0.0	0.0	-0.0182	0.033	1159.0
A_07_9669	1.0	0.0	0.0	0.0	0.033	1159.0
A_07_9820	1.0	0.0	0.0	0.0182	0.033	1159.0
A_07_9935	1.0	0.0	0.0	0.0364	0.033	1159.0
A_07_9946	1.0	0.0	0.0	0.0546	0.033	1159.0
A_07_9985	1.0	0.0	0.0	0.0728	0.033	1159.0
A_08_0046	1.0	0.0	0.0	-0.091	0.033	1163.0
A_08_0228	1.0	0.0	0.0	-0.0728	0.033	1163.0
A_08_0243	1.0	0.0	0.0	-0.0546	0.033	1163.0
A_08_0258	1.0	0.0	0.0	-0.0364	0.033	1163.0
A_08_0349	1.0	0.0	0.0	-0.0182	0.033	1163.0
A_08_0410	1.0	0.0	0.0	0.0	0.033	1163.0
A_08_0422	1.0	0.0	0.0	0.0182	0.033	1163.0
A_08_0510	1.0	0.0	0.0	0.0364	0.033	1163.0
A_08_0536	1.0	0.0	0.0	0.0546	0.033	1163.0
A_08_0609	1.0	0.0	0.0	0.0728	0.033	1163.0
A_08_0710	1.0	0.0	0.0	-0.091	0.033	1167.0
A_08_0742	1.0	0.0	0.0	-0.0728	0.033	1167.0
A_08_0828	1.0	0.0	0.0	-0.0546	0.033	1167.0
A_08_0858	1.0	0.0	0.0	-0.0364	0.033	1167.0
A_08_0992	1.0	0.0	0.0	-0.0182	0.033	1167.0
A_08_0996	1.0	0.0	0.0	0.0	0.033	1167.0
A_08_1035	1.0	0.0	0.0	0.0182	0.033	1167.0
A_08_1041	1.0	0.0	0.0	0.0364	0.033	1167.0
A_08_1076	1.0	0.0	0.0	0.0546	0.033	1167.0
A_08_1124	1.0	0.0	0.0	0.0728	0.033	1167.0
A_08_1204	1.0	0.0	0.0	-0.091	0.033	1171.0
A_08_1233	1.0	0.0	0.0	-0.0728	0.033	1171.0
A_08_1323	1.0	0.0	0.0	-0.0546	0.033	1171.0
A_08_1476	1.0	0.0	0.0	-0.0364	0.033	1171.0
A_08_1479	1.0	0.0	0.0	-0.0182	0.033	1171.0
A_08_1501	1.0	0.0	0.0	0.0	0.033	1171.0
A_08_1592	1.0	0.0	0.0	0.0182	0.033	1171.0
A_08_1622	1.0	0.0	0.0	0.0364	0.033	1171.0
A_08_1627	1.0	0.0	0.0	0.0546	0.033	1171.0
A_08_1768	1.0	0.0	0.0	0.0728	0.033	1171.0
A_08_1775	1.0	0.0	0.0	-0.091	0.033	1175.0
A_08_1786	1.0	0.0	0.0	-0.0728	0.033	1175.0
A_08_1801	1.0	0.0	0.0	-0.0546	0.033	1175.0
A_08_1862	1.0	0.0	0.0	-0.0364	0.033	1175.0
A_08_1886	1.0	0.0	0.0	-0.0182	0.033	1175.0
A_08_1902	1.0	0.0	0.0	0.0	0.033	1175.0
A_08_1911	1.0	0.0	0.0	0.0182	0.033	1175.0
A_08_2001	1.0	0.0	0.0	0.0364	0.033	1175.0
A_08_2024	1.0	0.0	0.0	0.0546	0.033	1175.0
A_08_2063	1.0	0.0	0.0	0.0728	0.033	1175.0
A_08_2076	1.0	0.0	0.0	-0.091	0.033	1179.0
A_08_2129	1.0	0.0	0.0	-0.0728	0.033	1179.0
A_08_2153	1.0	0.0	0.0	-0.0546	0.033	1179.0
A_08_2159	1.0	0.0	0.0	-0.0364	0.033	1179.0
A_08_2165	1.0	0.0	0.0	-0.0182	0.033	1179.0
A_08_2222	1.0	0.0	0.0	0.0	0.033	1179.0
A_08_2290	1.0	0.0	0.0	0.0182	0.033	1179.0
A_08_2306	1.0	0.0	0.0	0.0364	0.033	1179.0
A_08_2370	1.0	0.0	0.0	0.0546	0.033	1179.0
A_08_2417	1.0	0.0	0.0	0.0728	0.033	1179.0
A_08_2430	1.0	0.0	0.0	-0.091	0.033	1183.0
A_08_2531	1.0	0.0	0.0	-0.0728	0.033	1183.0
A_08_2695	1.0	0.0	0.0	-0.0546	0.033	1183.0
A_08_2854	1.0	0.0	0.0	-0.0364	0.033	1183.0
A_08_2858	1.0	0.0	0.0	-0.0182	0.033	1183.0
A_08_2877	1.0	0.0	0.0	0.0	0.033	1183.0
A_08_3109	1.0	0.0	0.0	0.0182	0.033	1183.0
A_08_3289	1.0	0.0	0.0	0.0364	0.033	1183.0
A_08_3362	1.0	0.0	0.0	0.0546	0.033	1183.0
A_08_3394	1.0	0.0	0.0	0.0728	0.033	1183.0
A_08_3475	1.0	0.0	0.0	-0.091	0.033	1187.0
A_08_3538	1.0	0.0	0.0	-0.0728	0.033	1187.0
A_08_3559	1.0	0.0	0.0	-0.0546	0.033	1187.0
A_08_3626	1.0	0.0	0.0	-0.0364	0.033	1187.0
A_08_3629	1.0	0.0	0.0	-0.0182	0.033	1187.0
A_08_3696	1.0	0.0	0.0	0.0	0.033	1187.0
A_08_3817	1.0	0.0	0.0	0.0182	0.033	1187.0
A_08_3830	1.0	0.0	0.0	0.0364	0.033	1187.0
A_08_3846	1.0	0.0	0.0	0.0546	0.033	1187.0
A_08_3868	1.0	0.0	0.0	0.0728	0.033	1187.0
A_08_3898	1.0	0.0	0.0	-0.091	0.033	1191.0
A_08_3990	1.0	0.0	0.0	-0.0728	0.033	1191.0
A_08_4106	1.0	0.0	0.0	-0.0546	0.033	1191.0
A_08_4210	1.0	0.0	0.0	-0.0364	0.033	1191.0
A_08_4295	1.0	0.0	0.0	-0.0182	0.033	1191.0
A_08_4332	1.0	0.0	0.0	0.0	0.033	1191.0
A_08_4347	1.0	0.0	0.0	0.0182	0.033	1191.0
A_08_4465	1.0	0.0	0.0	0.0364	0.033	1191.0
A_08_4520	1.0	0.0	0.0	0.0546	0.033	1191.0
A_08_4542	1.0	0.0	0.0	0.0728	0.033	1191.0
A_08_4583	1.0	0.0	0.0	-0.091	0.033	1195.0
A_08_4835	1.0	0.0	0.0	-0.0728	0.033	1195.0
A_08_4941	1.0	0.0	0.0	-0.0546	0.033	1195.0
A_08_4951	1.0	0.0	0.0	-0.0364	0.033	1195.0
A_08_4986	1.0	0.0	0.0	-0.0182	0.033	1195.0
A_08_5277	1.0	0.0	0.0	0.0	0.033	1195.0
A_08_5304	1.0	0.0	0.0	0.0182	0.033	1195.0
A_08_5352	1.0	0.0	0.0	0.0364	0.033	1195.0
A_08_5374	1.0	0.0	0.0	0.0546	0.033	1195.0
A_08_5383	1.0	0.0	0.0	0.0728	0.033	1195.0
A_08_5464	1.0	0.0	0.0	-0.091	0.033	1199.0
A_08_5549	1.0	0.0	0.0	-0.0728	0.033	1199.0
A_08_5869	1.0	0.0	0.0	-0.0546	0.033	1199.0
A_08_5876	1.0	0.0	0.0	-0.0364	0.033	1199.0
A_08_5931	1.0	0.0	0.0	-0.0182	0.033	1199.0
A_08_5942	1.0	0.0	0.0	0.0	0.033	1199.0
A_08_5977	1.0	0.0	0.0	0.0182	0.033	1199.0
A_08_5992	1.0	0.0	0.0	0.0364	0.033	1199.0
A_08_5994	1.0	0.0	0.0	0.0546	0.033	1199.0
A_08_6018	1.0	0.0	0.0	0.0728	0.033	1199.0
A_08_6038	1.0	0.0	0.0	-0.091	0.033	1203.0
A_08_6070	1.0	0.0	0.0	-0.0728	0.033	1203.0
A_08_6078	1.0	0.0	0.0	-0.0546	0.033	1203.0
A_08_6086	1.0	0.0	0.0	-0.0364	0.033	1203.0
A_08_6242	1.0	0.0	0.0	-0.0182	0.033	1203.0
A_08_6367	1.0	0.0	0.0	0.0	0.033	1203.0
A_08_6464	1.0	0.0	0.0	0.0182	0.033	1203.0
A_08_6511	1.0	0.0	0.0	0.0364	0.033	1203.0
A_08_6523	1.0	0.0	0.0	0.0546	0.033	1203.0
A_08_6580	1.0	0.0	0.0	0.0728	0.033	1203.0
A_08_6686	1.0	0.0	0.0	-0.091	0.033	1207.0
A_08_6689	1.0	0.0	0.0	-0.0728	0.033	1207.0
A_08_6797	1.0	0.0	0.0	-0.0546	0.033	1207.0
A_08_6807	1.0	0.0	0.0	-0.0364	0.033	1207.0
A_08_6866	1.0	0.0	0.0	-0.0182	0.033	1207.0
A_08_6897	1.0	0.0	0.0	0.0	0.033	1207.0
A_08_6984	1.0	0.0	0.0	0.0182	0.033	1207.0
A_08_7264	1.0	0.0	0.0	0.0364	0.033	1207.0
A_08_7267	1.0	0.0	0.0	0.0546	0.033	1207.0
A_08_7285	1.0	0.0	0.0	0.0728	0.033	1207.0
A_08_7344	1.0	0.0	0.0	-0.091	0.033	1211.0
A_08_7405	1.0	0.0	0.0	-0.0728	0.033	1211.0
A_08_7432	1.0	0.0	0.0	-0.0546	0.033	1211.0
A_08_7450	1.0	0.0	0.0	-0.0364	0.033	1211.0
A_08_7451	1.0	0.0	0.0	-0.0182	0.033	1211.0
A_08_7504	1.0	0.0	0.0	0.0	0.033	1211.0
A_08_7606	1.0	0.0	0.0	0.0182	0.033	1211.0
A_08_7673	1.0	0.0	0.0	0.0364	0.033	1211.0
A_08_7724	1.0	0.0	0.0	0.0546	0.033	1211.0
A_08_7802	1.0	0.0	0.0	0.0728	0.033	1211.0
A_08_7847	1.0	0.0	0.0	-0.091	0.033	1215.0
A_08_7894	1.0	0.0	0.0	-0.0728	0.033	1215.0
A_08_8017	1.0	0.0	0.0	-0.0546	0.033	1215.0
A_08_8032	1.0	0.0	0.0	-0.0364	0.033	1215.0
A_08_8071	1.0	0.0	0.0	-0.0182	0.033	1215.0
A_08_8221	1.0	0.0	0.0	0.0	0.033	1215.0
A_08_8254	1.0	0.0	0.0	0.0182	0.033	1215.0
A_08_8408	1.0	0.0	0.0	0.0364	0.033	1215.0
A_08_8543	1.0	0.0	0.0	0.0546	0.033	1215.0
A_08_8619	1.0	0.0	0.0	0.0728	0.033	1215.0
A_08_8697	1.0	0.0	0.0	-0.091	0.033	1219.0
A_08_8791	1.0	0.0	0.0	-0.0728	0.033	1219.0
A_08_8807	1.0	0.0	0.0	-0.0546	0.033	1219.0
A_08_8837	1.0	0.0	0.0	-0.0364	0.033	1219.0
A_08_8850	1.0	0.0	0.0	-0.0182	0.033	1219.0
A_08_8920	1.0	0.0	0.0	0.0	0.033	1219.0
A_08_9080	1.0	0.0	0.0	0.0182	0.033	1219.0
A_08_9131	1.0	0.0	0.0	0.0364	0.033	1219.0
A_08_9198	1.0	0.0	0.0	0.0546	0.033	1219.0
A_08_9250	1.0	0.0	0.0	0.0728	0.033	1219.0
A_08_9495	1.0	0.0	0.0	-0.091	0.033	1223.0
A_08_9577	1.0	0.0	0.0	-0.0728	0.033	1223.0
A_08_9607	1.0	0.0	0.0	-0.0546	0.033	1223.0
A_08_9622	1.0	0.0	0.0	-0.0364	0.033	1223.0
A_08_9647	1.0	0.0	0.0	-0.0182	0.033	1223.0
A_08_9726	1.0	0.0	0.0	0.0	0.033	1223.0
A_08_9764	1.0	0.0	0.0	0.0182	0.033	1223.0
A_08_9783	1.0	0.0	0.0	0.0364	0.033	1223.0
A_08_9966	1.0	0.0	0.0	0.0546	0.033	1223.0
A_08_9995	1.0	0.0	0.0	0.0728	0.033	1223.0
