Line,Source_ID,Redshift,Flux_Jy,NEFD_Jy,t_int_hr
SIII 33$\rm \mu m$,0,2.351,,,
SIII 33$\rm \mu m$,1,4.1227,,,
SIII 33$\rm \mu m$,2,3.4436,,,
SIII 33$\rm \mu m$,3,4.8769,,,
SIII 33$\rm \mu m$,4,3.0901,,,
SIII 33$\rm \mu m$,5,4.9104,,,
SIII 33$\rm \mu m$,6,3.6139,,,
SIII 33$\rm \mu m$,7,3.4434,,,
SIII 33$\rm \mu m$,8,4.2334,,,
SIII 33$\rm \mu m$,9,2.5149,,,
SIII 33$\rm \mu m$,10,3.957,,,
SIII 33$\rm \mu m$,11,4.2991,,,
SIII 33$\rm \mu m$,12,4.8031,,,
SIII 33$\rm \mu m$,13,2.7882,,,
SIII 33$\rm \mu m$,14,4.3492,,,
SIII 33$\rm \mu m$,15,5.0182,,,
SIII 33$\rm \mu m$,16,3.233,,,
SIII 33$\rm \mu m$,17,5.7022,,,
SIII 33$\rm \mu m$,18,5.6256,,,
SIII 33$\rm \mu m$,19,3.5948,,,
SIII 33$\rm \mu m$,20,6.9011,0.025634481430053712,9.176048637904064,889.8152590051025
SIII 33$\rm \mu m$,21,2.9345,,,
SIII 33$\rm \mu m$,22,4.51,,,
SIII 33$\rm \mu m$,23,4.2958,,,
SIII 33$\rm \mu m$,24,5.6554,,,
SIII 33$\rm \mu m$,25,5.6541,,,
SIII 33$\rm \mu m$,26,2.6833,,,
SIII 33$\rm \mu m$,27,4.0564,,,
SIII 33$\rm \mu m$,28,4.2246,,,
SIII 33$\rm \mu m$,29,5.1353,,,
SIII 33$\rm \mu m$,30,3.8519,,,
SIII 33$\rm \mu m$,31,4.4803,,,
SIII 33$\rm \mu m$,32,5.016,,,
SIII 33$\rm \mu m$,33,3.9875,,,
SIII 33$\rm \mu m$,34,4.8562,,,
SIII 33$\rm \mu m$,35,4.7989,,,
SIII 33$\rm \mu m$,36,2.2334,,,
SIII 33$\rm \mu m$,37,3.4039,,,
SIII 33$\rm \mu m$,38,3.7785,,,
SIII 33$\rm \mu m$,39,4.737,,,
SIII 33$\rm \mu m$,40,3.3684,,,
SIII 33$\rm \mu m$,41,3.3986,,,
SIII 33$\rm \mu m$,42,2.7855,,,
SIII 33$\rm \mu m$,43,4.2692,,,
SIII 33$\rm \mu m$,44,3.1276,,,
SIII 33$\rm \mu m$,45,2.5833,,,
SIII 33$\rm \mu m$,46,3.1642,,,
SIII 33$\rm \mu m$,47,4.4376,,,
SIII 33$\rm \mu m$,48,5.323,,,
SIII 33$\rm \mu m$,49,4.815,,,
SIII 33$\rm \mu m$,50,2.4807,,,
SIII 33$\rm \mu m$,51,2.026,,,
SIII 33$\rm \mu m$,52,2.7272,,,
SIII 33$\rm \mu m$,53,3.3466,,,
SIII 33$\rm \mu m$,54,2.4521,,,
SIII 33$\rm \mu m$,55,3.9977,,,
SIII 33$\rm \mu m$,56,4.0898,,,
SIII 33$\rm \mu m$,57,3.1551,,,
SIII 33$\rm \mu m$,58,4.4359,,,
SIII 33$\rm \mu m$,59,3.2601,,,
SIII 33$\rm \mu m$,60,4.7678,,,
SIII 33$\rm \mu m$,61,2.78,,,
SIII 33$\rm \mu m$,62,4.567,,,
SIII 33$\rm \mu m$,63,3.7604,,,
SIII 33$\rm \mu m$,64,3.8507,,,
SIII 33$\rm \mu m$,65,5.1937,,,
SIII 33$\rm \mu m$,66,2.8936,,,
SIII 33$\rm \mu m$,67,2.5073,,,
SIII 33$\rm \mu m$,68,4.2796,,,
SIII 33$\rm \mu m$,69,3.1413,,,
SIII 33$\rm \mu m$,70,5.2927,,,
SIII 33$\rm \mu m$,71,2.7256,,,
SIII 33$\rm \mu m$,72,4.7555,,,
SIII 33$\rm \mu m$,73,3.8617,,,
SIII 33$\rm \mu m$,74,2.8759,,,
SIII 33$\rm \mu m$,75,3.9,,,
SIII 33$\rm \mu m$,76,4.302,,,
SIII 33$\rm \mu m$,77,5.8114,,,
SIII 33$\rm \mu m$,78,5.5781,,,
SIII 33$\rm \mu m$,79,1.867,,,
SIII 33$\rm \mu m$,80,3.07,,,
SiII 35$\rm \mu m$,0,2.351,,,
SiII 35$\rm \mu m$,1,4.1227,,,
SiII 35$\rm \mu m$,2,3.4436,,,
SiII 35$\rm \mu m$,3,4.8769,,,
SiII 35$\rm \mu m$,4,3.0901,,,
SiII 35$\rm \mu m$,5,4.9104,,,
SiII 35$\rm \mu m$,6,3.6139,,,
SiII 35$\rm \mu m$,7,3.4434,,,
SiII 35$\rm \mu m$,8,4.2334,,,
SiII 35$\rm \mu m$,9,2.5149,,,
SiII 35$\rm \mu m$,10,3.957,,,
SiII 35$\rm \mu m$,11,4.2991,,,
SiII 35$\rm \mu m$,12,4.8031,,,
SiII 35$\rm \mu m$,13,2.7882,,,
SiII 35$\rm \mu m$,14,4.3492,,,
SiII 35$\rm \mu m$,15,5.0182,,,
SiII 35$\rm \mu m$,16,3.233,,,
SiII 35$\rm \mu m$,17,5.7022,,,
SiII 35$\rm \mu m$,18,5.6256,,,
SiII 35$\rm \mu m$,19,3.5948,,,
SiII 35$\rm \mu m$,20,6.9011,0.026992738723754885,7.788233663611196,578.1247357681618
SiII 35$\rm \mu m$,21,2.9345,,,
SiII 35$\rm \mu m$,22,4.51,,,
SiII 35$\rm \mu m$,23,4.2958,,,
SiII 35$\rm \mu m$,24,5.6554,,,
SiII 35$\rm \mu m$,25,5.6541,,,
SiII 35$\rm \mu m$,26,2.6833,,,
SiII 35$\rm \mu m$,27,4.0564,,,
SiII 35$\rm \mu m$,28,4.2246,,,
SiII 35$\rm \mu m$,29,5.1353,,,
SiII 35$\rm \mu m$,30,3.8519,,,
SiII 35$\rm \mu m$,31,4.4803,,,
SiII 35$\rm \mu m$,32,5.016,,,
SiII 35$\rm \mu m$,33,3.9875,,,
SiII 35$\rm \mu m$,34,4.8562,,,
SiII 35$\rm \mu m$,35,4.7989,,,
SiII 35$\rm \mu m$,36,2.2334,,,
SiII 35$\rm \mu m$,37,3.4039,,,
SiII 35$\rm \mu m$,38,3.7785,,,
SiII 35$\rm \mu m$,39,4.737,,,
SiII 35$\rm \mu m$,40,3.3684,,,
SiII 35$\rm \mu m$,41,3.3986,,,
SiII 35$\rm \mu m$,42,2.7855,,,
SiII 35$\rm \mu m$,43,4.2692,,,
SiII 35$\rm \mu m$,44,3.1276,,,
SiII 35$\rm \mu m$,45,2.5833,,,
SiII 35$\rm \mu m$,46,3.1642,,,
SiII 35$\rm \mu m$,47,4.4376,,,
SiII 35$\rm \mu m$,48,5.323,,,
SiII 35$\rm \mu m$,49,4.815,,,
SiII 35$\rm \mu m$,50,2.4807,,,
SiII 35$\rm \mu m$,51,2.026,,,
SiII 35$\rm \mu m$,52,2.7272,,,
SiII 35$\rm \mu m$,53,3.3466,,,
SiII 35$\rm \mu m$,54,2.4521,,,
SiII 35$\rm \mu m$,55,3.9977,,,
SiII 35$\rm \mu m$,56,4.0898,,,
SiII 35$\rm \mu m$,57,3.1551,,,
SiII 35$\rm \mu m$,58,4.4359,,,
SiII 35$\rm \mu m$,59,3.2601,,,
SiII 35$\rm \mu m$,60,4.7678,,,
SiII 35$\rm \mu m$,61,2.78,,,
SiII 35$\rm \mu m$,62,4.567,,,
SiII 35$\rm \mu m$,63,3.7604,,,
SiII 35$\rm \mu m$,64,3.8507,,,
SiII 35$\rm \mu m$,65,5.1937,,,
SiII 35$\rm \mu m$,66,2.8936,,,
SiII 35$\rm \mu m$,67,2.5073,,,
SiII 35$\rm \mu m$,68,4.2796,,,
SiII 35$\rm \mu m$,69,3.1413,,,
SiII 35$\rm \mu m$,70,5.2927,,,
SiII 35$\rm \mu m$,71,2.7256,,,
SiII 35$\rm \mu m$,72,4.7555,,,
SiII 35$\rm \mu m$,73,3.8617,,,
SiII 35$\rm \mu m$,74,2.8759,,,
SiII 35$\rm \mu m$,75,3.9,,,
SiII 35$\rm \mu m$,76,4.302,,,
SiII 35$\rm \mu m$,77,5.8114,,,
SiII 35$\rm \mu m$,78,5.5781,,,
SiII 35$\rm \mu m$,79,1.867,,,
SiII 35$\rm \mu m$,80,3.07,,,
OIII 52$\rm \mu m$,0,2.351,,,
OIII 52$\rm \mu m$,1,4.1227,0.07862066650390626,9.124486736399703,93.53646525977132
OIII 52$\rm \mu m$,2,3.4436,,,
OIII 52$\rm \mu m$,3,4.8769,0.10345101928710938,5.352130193037621,18.58751356132973
OIII 52$\rm \mu m$,4,3.0901,,,
OIII 52$\rm \mu m$,5,4.9104,0.20062294006347656,5.35070884376844,4.939681712742795
OIII 52$\rm \mu m$,6,3.6139,,,
OIII 52$\rm \mu m$,7,3.4434,,,
OIII 52$\rm \mu m$,8,4.2334,0.031412687301635746,8.643402762471942,525.7712406610476
OIII 52$\rm \mu m$,9,2.5149,,,
OIII 52$\rm \mu m$,10,3.957,0.14984768676757812,9.337953902052554,26.96751153359335
OIII 52$\rm \mu m$,11,4.2991,0.050428813934326175,7.968536974314771,173.3952453070959
OIII 52$\rm \mu m$,12,4.8031,0.07014031982421876,5.101544515918136,36.7371435717292
OIII 52$\rm \mu m$,13,2.7882,,,
OIII 52$\rm \mu m$,14,4.3492,0.07461640167236329,7.43071340762988,68.86997535973092
OIII 52$\rm \mu m$,15,5.0182,0.15352268981933595,5.3606346276222885,8.466906831298656
OIII 52$\rm \mu m$,16,3.233,,,
OIII 52$\rm \mu m$,17,5.7022,0.03849784469604492,2.5583379431463777,30.667650093909348
OIII 52$\rm \mu m$,18,5.6256,0.07005127716064453,2.625319818413893,9.753709725528182
OIII 52$\rm \mu m$,19,3.5948,,,
OIII 52$\rm \mu m$,20,6.9011,0.046555614471435545,1.609493580514768,8.299881260447007
OIII 52$\rm \mu m$,21,2.9345,,,
OIII 52$\rm \mu m$,22,4.51,0.07676327514648437,6.183072059644694,45.054599350189505
OIII 52$\rm \mu m$,23,4.2958,0.261182373046875,7.968536974314771,6.464083610216803
OIII 52$\rm \mu m$,24,5.6554,0.18708502197265625,2.595920241222705,1.3370330999891133
OIII 52$\rm \mu m$,25,5.6541,0.039584796905517576,2.595920241222705,29.865057504128
OIII 52$\rm \mu m$,26,2.6833,,,
OIII 52$\rm \mu m$,27,4.0564,0.05648793029785156,9.476670804132446,195.4509437832422
OIII 52$\rm \mu m$,28,4.2246,0.11252373504638673,8.831463896708406,42.777423641528706
OIII 52$\rm \mu m$,29,5.1353,0.10432266235351563,2.99693011782262,5.731039695519493
OIII 52$\rm \mu m$,30,3.8519,0.06714847564697266,9.048209060043341,126.09284526949466
OIII 52$\rm \mu m$,31,4.4803,0.06775960540771485,6.342930730567851,60.852119383143176
OIII 52$\rm \mu m$,32,5.016,0.06581987762451172,5.396094915660664,46.674806617114434
OIII 52$\rm \mu m$,33,3.9875,0.04180474472045898,14.01531523984213,780.5344886597801
OIII 52$\rm \mu m$,34,4.8562,0.05280926513671875,5.795932869327563,83.64961625402103
OIII 52$\rm \mu m$,35,4.7989,0.051159069061279296,5.101544515918136,69.05507528893537
OIII 52$\rm \mu m$,36,2.2334,,,
OIII 52$\rm \mu m$,37,3.4039,,,
OIII 52$\rm \mu m$,38,3.7785,0.05426324462890625,10.337026798484976,252.00971037968964
OIII 52$\rm \mu m$,39,4.737,0.02905405616760254,5.317539932623869,232.6191606160203
OIII 52$\rm \mu m$,40,3.3684,,,
OIII 52$\rm \mu m$,41,3.3986,,,
OIII 52$\rm \mu m$,42,2.7855,,,
OIII 52$\rm \mu m$,43,4.2692,0.08063662719726562,8.614753586758535,79.26081226893793
OIII 52$\rm \mu m$,44,3.1276,,,
OIII 52$\rm \mu m$,45,2.5833,,,
OIII 52$\rm \mu m$,46,3.1642,,,
OIII 52$\rm \mu m$,47,4.4376,0.037440631866455076,6.6094000770458115,216.40896663683273
OIII 52$\rm \mu m$,48,5.323,0.04195016860961914,3.0548814696403164,36.82636173100374
OIII 52$\rm \mu m$,49,4.815,0.08139673614501954,5.197395239709664,28.313594951238855
OIII 52$\rm \mu m$,50,2.4807,,,
OIII 52$\rm \mu m$,51,2.026,,,
OIII 52$\rm \mu m$,52,2.7272,,,
OIII 52$\rm \mu m$,53,3.3466,,,
OIII 52$\rm \mu m$,54,2.4521,,,
OIII 52$\rm \mu m$,55,3.9977,0.13616184997558595,10.004785800868037,37.49231102292158
OIII 52$\rm \mu m$,56,4.0898,0.05484923553466797,9.177272740331198,194.41225043236193
OIII 52$\rm \mu m$,57,3.1551,,,
OIII 52$\rm \mu m$,58,4.4359,0.05809134292602539,6.668765761916532,91.51780633416926
OIII 52$\rm \mu m$,59,3.2601,,,
OIII 52$\rm \mu m$,60,4.7678,0.05509482574462891,5.12037087866761,59.98169278941905
OIII 52$\rm \mu m$,61,2.78,,,
OIII 52$\rm \mu m$,62,4.567,0.0555819206237793,5.854161395012868,77.03707617761758
OIII 52$\rm \mu m$,63,3.7604,0.061604846954345704,8.705757677366114,138.6822537847043
OIII 52$\rm \mu m$,64,3.8507,0.07384727478027343,9.048209060043341,104.25426117317103
OIII 52$\rm \mu m$,65,5.1937,0.04635728073120117,2.926372635448214,27.673293962214917
OIII 52$\rm \mu m$,66,2.8936,,,
OIII 52$\rm \mu m$,67,2.5073,,,
OIII 52$\rm \mu m$,68,4.2796,0.08124551391601563,12.3794521603087,161.22841306766864
OIII 52$\rm \mu m$,69,3.1413,,,
OIII 52$\rm \mu m$,70,5.2927,0.036863376617431644,2.9095083578187886,43.25999844630632
OIII 52$\rm \mu m$,71,2.7256,,,
OIII 52$\rm \mu m$,72,4.7555,0.053110446929931644,5.14231885294218,65.10219018996011
OIII 52$\rm \mu m$,73,3.8617,0.041938331604003905,9.109819965617294,327.66857900760704
OIII 52$\rm \mu m$,74,2.8759,,,
OIII 52$\rm \mu m$,75,3.9,0.04513974380493164,9.260554228960507,292.27608857877243
OIII 52$\rm \mu m$,76,4.302,0.046398643493652345,7.968536974314771,204.82554761769916
OIII 52$\rm \mu m$,77,5.8114,0.06131685638427734,2.5346530749430936,11.866285545608179
OIII 52$\rm \mu m$,78,5.5781,0.04448998641967773,2.767103315166281,26.86356899171087
OIII 52$\rm \mu m$,79,1.867,,,
OIII 52$\rm \mu m$,80,3.07,,,
NIII 57$\rm \mu m$,0,2.351,,,
NIII 57$\rm \mu m$,1,4.1227,0.09256674194335937,5.4718897560468855,24.266225515422327
NIII 57$\rm \mu m$,2,3.4436,0.2270286865234375,9.504002300988754,12.16995858738709
NIII 57$\rm \mu m$,3,4.8769,0.11923297882080078,2.858063500288716,3.9901430609356128
NIII 57$\rm \mu m$,4,3.0901,,,
NIII 57$\rm \mu m$,5,4.9104,0.23014787292480468,2.839139643855994,1.0568104157849496
NIII 57$\rm \mu m$,6,3.6139,0.16657200622558593,9.176048637904064,21.07389872783036
NIII 57$\rm \mu m$,7,3.4434,0.023544960021972657,9.504002300988754,1131.5002616757051
NIII 57$\rm \mu m$,8,4.2334,0.03840381622314453,5.10020396145901,122.47962017202558
NIII 57$\rm \mu m$,9,2.5149,,,
NIII 57$\rm \mu m$,10,3.957,0.17330799865722657,6.342930730567851,9.302083441975746
NIII 57$\rm \mu m$,11,4.2991,0.061654033660888674,7.079023116639386,91.55059655518602
NIII 57$\rm \mu m$,12,4.8031,0.08361949920654298,2.92348182518602,8.488348072209163
NIII 57$\rm \mu m$,13,2.7882,,,
NIII 57$\rm \mu m$,14,4.3492,0.09148223876953125,5.346780437740743,23.721854640698037
NIII 57$\rm \mu m$,15,5.0182,0.16657965087890625,2.595920241222705,1.6864609997860835
NIII 57$\rm \mu m$,16,3.233,0.14831251525878908,9.267461580808597,27.114618354723106
NIII 57$\rm \mu m$,17,5.7022,0.04437088012695312,2.0321680869396204,14.566683198303917
NIII 57$\rm \mu m$,18,5.6256,0.07065876007080078,2.113307162849106,6.211989797316613
NIII 57$\rm \mu m$,19,3.5948,0.09058114624023438,9.10517562933453,70.16790958041936
NIII 57$\rm \mu m$,20,6.9011,,,
NIII 57$\rm \mu m$,21,2.9345,,,
NIII 57$\rm \mu m$,22,4.51,0.08835619354248048,5.399794571804252,25.936895255031725
NIII 57$\rm \mu m$,23,4.2958,0.2807342224121094,5.795932869327563,2.9600120953799807
NIII 57$\rm \mu m$,24,5.6554,0.20751502990722656,2.1083025467085226,0.7168103377735886
NIII 57$\rm \mu m$,25,5.6541,0.045623653411865236,2.1083025467085226,14.829388939466796
NIII 57$\rm \mu m$,26,2.6833,,,
NIII 57$\rm \mu m$,27,4.0564,0.06510543823242188,5.701704447887508,53.2613754855635
NIII 57$\rm \mu m$,28,4.2246,0.12968978881835938,5.157090637955567,10.980837647670002
NIII 57$\rm \mu m$,29,5.1353,0.11808271789550781,2.5203445139302865,3.1636224326847797
NIII 57$\rm \mu m$,30,3.8519,0.07739231109619141,7.257156190506887,61.062533129587784
NIII 57$\rm \mu m$,31,4.4803,0.07809666442871094,5.290496847528953,31.868781410953538
NIII 57$\rm \mu m$,32,5.016,0.07126007080078126,2.595920241222705,9.215686626938206
NIII 57$\rm \mu m$,33,3.9875,0.048565845489501956,6.183072059644694,112.56003413607847
NIII 57$\rm \mu m$,34,4.8562,0.06086557769775391,2.8993117462550093,15.757373929860874
NIII 57$\rm \mu m$,35,4.7989,0.05896363830566406,2.9164618271495755,16.989537398666684
NIII 57$\rm \mu m$,36,2.2334,,,
NIII 57$\rm \mu m$,37,3.4039,0.08658742523193359,9.134139283214212,77.27928870444866
NIII 57$\rm \mu m$,38,3.7785,0.06254137039184571,9.494118543690238,160.03391199724004
NIII 57$\rm \mu m$,39,4.737,0.033486392974853514,2.92072523905766,52.83019041291092
NIII 57$\rm \mu m$,40,3.3684,0.08393625640869141,8.780073255411281,75.98617710229563
NIII 57$\rm \mu m$,41,3.3986,0.21019146728515625,9.109819965617294,13.044484847241112
NIII 57$\rm \mu m$,42,2.7855,,,
NIII 57$\rm \mu m$,43,4.2692,0.09720777893066407,5.326780227709145,20.852831098611727
NIII 57$\rm \mu m$,44,3.1276,,,
NIII 57$\rm \mu m$,45,2.5833,,,
NIII 57$\rm \mu m$,46,3.1642,,,
NIII 57$\rm \mu m$,47,4.4376,0.043152385711669926,5.396094915660664,108.58930317465942
NIII 57$\rm \mu m$,48,5.323,0.04927050018310547,2.537108508113167,18.413724835230127
NIII 57$\rm \mu m$,49,4.815,0.09104294586181641,2.92348182518602,7.160538778526396
NIII 57$\rm \mu m$,50,2.4807,,,
NIII 57$\rm \mu m$,51,2.026,,,
NIII 57$\rm \mu m$,52,2.7272,,,
NIII 57$\rm \mu m$,53,3.3466,0.18157740783691406,8.845371501857025,16.479576231477886
NIII 57$\rm \mu m$,54,2.4521,,,
NIII 57$\rm \mu m$,55,3.9977,0.15975077819824218,6.074540078966001,10.041031897170829
NIII 57$\rm \mu m$,56,4.0898,0.06802164459228516,6.726561755865979,67.90934156915117
NIII 57$\rm \mu m$,57,3.1551,,,
NIII 57$\rm \mu m$,58,4.4359,0.06695346069335938,5.396094915660664,45.10769224609378
NIII 57$\rm \mu m$,59,3.2601,0.13908956909179687,12.274043435645805,54.078382876433125
NIII 57$\rm \mu m$,60,4.7678,0.06349981307983399,2.9904467282868863,15.401561513217157
NIII 57$\rm \mu m$,61,2.78,,,
NIII 57$\rm \mu m$,62,4.567,0.06406121063232421,2.938873523987672,14.615343173552501
NIII 57$\rm \mu m$,63,3.7604,0.07614338684082031,8.614753586758535,88.89121586427892
NIII 57$\rm \mu m$,64,3.8507,0.08511304473876953,7.257156190506887,50.48684069230837
NIII 57$\rm \mu m$,65,5.1937,0.053429309844970706,2.5372936305169063,15.661012552170732
NIII 57$\rm \mu m$,66,2.8936,,,
NIII 57$\rm \mu m$,67,2.5073,,,
NIII 57$\rm \mu m$,68,4.2796,0.09472523498535157,5.221827174238985,21.103335978165152
NIII 57$\rm \mu m$,69,3.1413,,,
NIII 57$\rm \mu m$,70,5.2927,0.04248706436157226,2.699695389294786,28.038423318058925
NIII 57$\rm \mu m$,71,2.7256,,,
NIII 57$\rm \mu m$,72,4.7555,0.06119742584228516,2.990989141232131,16.58826142659954
NIII 57$\rm \mu m$,73,3.8617,0.04833623123168945,7.085008019653595,149.20130756424436
NIII 57$\rm \mu m$,74,2.8759,,,
NIII 57$\rm \mu m$,75,3.9,0.052613574981689455,6.907304906471188,119.69035033233534
NIII 57$\rm \mu m$,76,4.302,0.05847961044311523,7.079023116639386,101.75956154933117
NIII 57$\rm \mu m$,77,5.8114,0.06817076110839844,1.9115759499602256,5.460398492798922
NIII 57$\rm \mu m$,78,5.5781,0.05112131118774414,2.1666635603248108,12.474309002907425
NIII 57$\rm \mu m$,79,1.867,,,
NIII 57$\rm \mu m$,80,3.07,,,
OI 63$\rm \mu m$,0,2.351,,,
OI 63$\rm \mu m$,1,4.1227,0.10855785620489934,2.91950460666592,5.022654687392522
OI 63$\rm \mu m$,2,3.4436,0.2777770690917969,6.907304906471188,4.293999406658242
OI 63$\rm \mu m$,3,4.8769,0.13706550598144532,2.3781042708336346,2.0904652198597864
OI 63$\rm \mu m$,4,3.0901,0.13768125740074114,14.01531523984213,71.9604054827973
OI 63$\rm \mu m$,5,4.9104,0.2549370604099653,2.2939071204047776,0.5622419152720926
OI 63$\rm \mu m$,6,3.6139,0.19635145568847656,6.726561755865979,8.149960891665684
OI 63$\rm \mu m$,7,3.4434,0.02713685989379883,6.907304906471188,449.9202887444195
OI 63$\rm \mu m$,8,4.2334,0.04695087051391602,2.9904467282868863,28.1723030010074
OI 63$\rm \mu m$,9,2.5149,,,
OI 63$\rm \mu m$,10,3.957,0.1900861524594257,5.468785479171933,5.748020697679002
OI 63$\rm \mu m$,11,4.2991,0.07514778416068255,2.8888712167645316,10.262697144240446
OI 63$\rm \mu m$,12,4.8031,0.09857663726806641,2.446129436669951,4.276105166758249
OI 63$\rm \mu m$,13,2.7882,,,
OI 63$\rm \mu m$,14,4.3492,0.11216033172607422,2.874110744013901,4.560011459372513
OI 63$\rm \mu m$,15,5.0182,0.17287086914709912,2.113307162849106,1.0378130488417419
OI 63$\rm \mu m$,16,3.233,0.16997947692871093,9.583747152819715,22.07573771212053
OI 63$\rm \mu m$,17,5.7022,,,
OI 63$\rm \mu m$,18,5.6256,0.06889334733243264,1.5026471520828006,3.303672287234549
OI 63$\rm \mu m$,19,3.5948,0.10517808532714844,5.6815109242920006,20.263510175561905
OI 63$\rm \mu m$,20,6.9011,,,
OI 63$\rm \mu m$,21,2.9345,0.32620993041992186,11.620720598429676,8.812705788419045
OI 63$\rm \mu m$,22,4.51,0.09978523254394532,2.538249132508144,4.493383158838489
OI 63$\rm \mu m$,23,4.2958,0.28770831298828126,2.8888712167645316,0.700146707056327
OI 63$\rm \mu m$,24,5.6554,,,
OI 63$\rm \mu m$,25,5.6541,,,
OI 63$\rm \mu m$,26,2.6833,,,
OI 63$\rm \mu m$,27,4.0564,0.07442895049646743,2.938873523987672,10.827183825043086
OI 63$\rm \mu m$,28,4.2246,0.14947459411621095,2.990989141232131,2.780560922336729
OI 63$\rm \mu m$,29,5.1353,0.1283567657470703,2.3836160576073637,2.3948183755742765
OI 63$\rm \mu m$,30,3.8519,0.08919888305664063,5.346780437740743,24.951885931864272
OI 63$\rm \mu m$,31,4.4803,0.08972944975088909,2.5820996363815527,5.750604394629721
OI 63$\rm \mu m$,32,5.016,0.07488721466064453,2.113307162849106,5.5302835907455785
OI 63$\rm \mu m$,33,3.9875,0.056165779113769534,5.2814974457871235,61.40561435495972
OI 63$\rm \mu m$,34,4.8562,0.06967024993896484,2.3289828354665816,7.760243459097331
OI 63$\rm \mu m$,35,4.7989,0.06795851135253907,2.446129436669951,8.997226668367759
OI 63$\rm \mu m$,36,2.2334,,,
OI 63$\rm \mu m$,37,3.4039,0.09893194580078125,7.257156190506887,37.3677842224097
OI 63$\rm \mu m$,38,3.7785,0.07208235931396484,5.326780227709145,37.923558325145294
OI 63$\rm \mu m$,39,4.737,0.03827455520629883,2.537108508113167,30.513729117356014
OI 63$\rm \mu m$,40,3.3684,0.09674114227294922,7.684659159698808,43.81918598622614
OI 63$\rm \mu m$,41,3.3986,0.2505987070512798,7.456511110097063,6.148245414950897
OI 63$\rm \mu m$,42,2.7855,,,
OI 63$\rm \mu m$,43,4.2692,0.11373860168457031,2.92348182518602,4.587990764693088
OI 63$\rm \mu m$,44,3.1276,0.056052737674422114,10.907794300168325,262.97697717177726
OI 63$\rm \mu m$,45,2.5833,,,
OI 63$\rm \mu m$,46,3.1642,0.14944055794667577,9.191243363836257,26.269334947001752
OI 63$\rm \mu m$,47,4.4376,0.04973549270629883,2.625319818413893,19.349470841945408
OI 63$\rm \mu m$,48,5.323,0.05636980598771858,2.822126434096977,17.40593514974008
OI 63$\rm \mu m$,49,4.815,0.0983453369140625,2.395469790687404,4.120134177250578
OI 63$\rm \mu m$,50,2.4807,,,
OI 63$\rm \mu m$,51,2.026,,,
OI 63$\rm \mu m$,52,2.7272,,,
OI 63$\rm \mu m$,53,3.3466,0.20927793884277343,7.968536974314771,10.068106328817551
OI 63$\rm \mu m$,54,2.4521,,,
OI 63$\rm \mu m$,55,3.9977,0.18341600036621095,5.399794571804252,6.018905797157241
OI 63$\rm \mu m$,56,4.0898,0.07957294811402453,2.948242025075293,9.533072054090166
OI 63$\rm \mu m$,57,3.1551,0.1819006678204581,9.476670804132446,18.84866128129936
OI 63$\rm \mu m$,58,4.4359,0.07716754150390626,2.625319818413893,8.037715196384669
OI 63$\rm \mu m$,59,3.2601,0.1597266082763672,10.061891231445136,27.557651592653503
OI 63$\rm \mu m$,60,4.7678,0.07285637902497084,2.5392238453148637,8.435373513122485
OI 63$\rm \mu m$,61,2.78,,,
OI 63$\rm \mu m$,62,4.567,0.07320775874760437,2.5203445139302865,8.2308200243217
OI 63$\rm \mu m$,63,3.7604,0.09289212036132813,5.101544515918136,20.945132725217597
OI 63$\rm \mu m$,64,3.8507,0.09800930023193359,5.346780437740743,20.667485038850693
OI 63$\rm \mu m$,65,5.1937,0.06156208445681953,1.8865335964596917,6.521386839368102
OI 63$\rm \mu m$,66,2.8936,0.1572954864501953,9.112021005973267,23.30421137102354
OI 63$\rm \mu m$,67,2.5073,,,
OI 63$\rm \mu m$,68,4.2796,0.10597799682617187,2.8907608296188165,5.166904301937616
OI 63$\rm \mu m$,69,3.1413,0.04087862396240234,9.319732024632176,360.95396870012485
OI 63$\rm \mu m$,70,5.2927,0.048497920033314525,1.8531404119430148,10.139299125129334
OI 63$\rm \mu m$,71,2.7256,,,
OI 63$\rm \mu m$,72,4.7555,0.06914733130669003,2.6382979547998833,10.109608614674988
OI 63$\rm \mu m$,73,3.8617,0.055710159301757815,5.344598364253297,63.91442057457848
OI 63$\rm \mu m$,74,2.8759,0.11127922821044922,9.047597162233757,45.90667197246083
OI 63$\rm \mu m$,75,3.9,0.060580478668212895,5.898771015710436,65.84081257733837
OI 63$\rm \mu m$,76,4.302,0.07057675933837891,2.9535347706340414,12.16181121720251
OI 63$\rm \mu m$,77,5.8114,,,
OI 63$\rm \mu m$,78,5.5781,0.05745766067504883,1.5231617179983779,4.8801554880171505
OI 63$\rm \mu m$,79,1.867,,,
OI 63$\rm \mu m$,80,3.07,0.07409042358398438,9.337953902052554,110.31048747767449
OIII 88$\rm \mu m$,0,2.351,0.3417549133300781,5.2243224802523605,1.622810941404223
OIII 88$\rm \mu m$,1,4.1227,,,
OIII 88$\rm \mu m$,2,3.4436,0.36843975830078124,1.8612072225918659,0.17721235165250948
OIII 88$\rm \mu m$,3,4.8769,,,
OIII 88$\rm \mu m$,4,3.0901,0.21506076049804687,2.615653008254126,1.0272482584562057
OIII 88$\rm \mu m$,5,4.9104,,,
OIII 88$\rm \mu m$,6,3.6139,0.24487994384765627,1.6562003888318613,0.31765583584843504
OIII 88$\rm \mu m$,7,3.4434,0.0415167121887207,1.8612072225918659,13.956645887653131
OIII 88$\rm \mu m$,8,4.2334,,,
OIII 88$\rm \mu m$,9,2.5149,0.7875479736328125,5.413628266913596,0.3281408761574435
OIII 88$\rm \mu m$,10,3.957,,,
OIII 88$\rm \mu m$,11,4.2991,,,
OIII 88$\rm \mu m$,12,4.8031,,,
OIII 88$\rm \mu m$,13,2.7882,0.21433139038085938,2.8888712167645316,1.2616018263494586
OIII 88$\rm \mu m$,14,4.3492,,,
OIII 88$\rm \mu m$,15,5.0182,,,
OIII 88$\rm \mu m$,16,3.233,0.21194081115722657,2.2869053925137846,0.8085459771767304
OIII 88$\rm \mu m$,17,5.7022,,,
OIII 88$\rm \mu m$,18,5.6256,,,
OIII 88$\rm \mu m$,19,3.5948,0.1479041748046875,1.704118802025201,0.9218842148609536
OIII 88$\rm \mu m$,20,6.9011,,,
OIII 88$\rm \mu m$,21,2.9345,0.4635692749023438,2.5583379431463777,0.21150665891756376
OIII 88$\rm \mu m$,22,4.51,,,
OIII 88$\rm \mu m$,23,4.2958,,,
OIII 88$\rm \mu m$,24,5.6554,,,
OIII 88$\rm \mu m$,25,5.6541,,,
OIII 88$\rm \mu m$,26,2.6833,0.8445698852539063,2.8779447364067297,0.0806364174845364
OIII 88$\rm \mu m$,27,4.0564,,,
OIII 88$\rm \mu m$,28,4.2246,,,
OIII 88$\rm \mu m$,29,5.1353,,,
OIII 88$\rm \mu m$,30,3.8519,,,
OIII 88$\rm \mu m$,31,4.4803,,,
OIII 88$\rm \mu m$,32,5.016,,,
OIII 88$\rm \mu m$,33,3.9875,,,
OIII 88$\rm \mu m$,34,4.8562,,,
OIII 88$\rm \mu m$,35,4.7989,,,
OIII 88$\rm \mu m$,36,2.2334,0.3571075439453125,6.183072059644694,2.081843477485509
OIII 88$\rm \mu m$,37,3.4039,0.11643917846679688,1.9564228822632452,1.9604903547900936
OIII 88$\rm \mu m$,38,3.7785,,,
OIII 88$\rm \mu m$,39,4.737,,,
OIII 88$\rm \mu m$,40,3.3684,0.15340847778320313,2.0116607838717258,1.1941208627474205
OIII 88$\rm \mu m$,41,3.3986,0.32204052734375,2.146152173728099,0.30841640793270186
OIII 88$\rm \mu m$,42,2.7855,0.44857608032226565,2.8888712167645316,0.28801933816244146
OIII 88$\rm \mu m$,43,4.2692,,,
OIII 88$\rm \mu m$,44,3.1276,0.09744400024414063,2.4862778752994044,4.520918002625935
OIII 88$\rm \mu m$,45,2.5833,0.6636773681640625,5.565076325128424,0.4882764087639174
OIII 88$\rm \mu m$,46,3.1642,0.21787811279296876,2.401076530444167,0.8433780691307721
OIII 88$\rm \mu m$,47,4.4376,,,
OIII 88$\rm \mu m$,48,5.323,,,
OIII 88$\rm \mu m$,49,4.815,,,
OIII 88$\rm \mu m$,50,2.4807,0.6247620849609375,5.344598364253297,0.5082042885799164
OIII 88$\rm \mu m$,51,2.026,0.3019932556152344,9.583747152819715,6.993808142589874
OIII 88$\rm \mu m$,52,2.7272,0.41867764282226566,2.923372237127384,0.3385682303409386
OIII 88$\rm \mu m$,53,3.3466,0.3193591003417969,2.0321680869396204,0.28118889782990997
OIII 88$\rm \mu m$,54,2.4521,0.26830569458007814,5.361427928710499,2.772928503055971
OIII 88$\rm \mu m$,55,3.9977,,,
OIII 88$\rm \mu m$,56,4.0898,,,
OIII 88$\rm \mu m$,57,3.1551,0.23257440185546877,2.395469790687404,0.7367074796456771
OIII 88$\rm \mu m$,58,4.4359,,,
OIII 88$\rm \mu m$,59,3.2601,0.1969032897949219,2.1933985073522013,0.8617209480695233
OIII 88$\rm \mu m$,60,4.7678,,,
OIII 88$\rm \mu m$,61,2.78,0.3807212219238281,2.8907608296188165,0.4003572147170859
OIII 88$\rm \mu m$,62,4.567,,,
OIII 88$\rm \mu m$,63,3.7604,,,
OIII 88$\rm \mu m$,64,3.8507,,,
OIII 88$\rm \mu m$,65,5.1937,,,
OIII 88$\rm \mu m$,66,2.8936,0.22622468566894532,2.6062572532576542,0.9217052960976022
OIII 88$\rm \mu m$,67,2.5073,0.2049381103515625,5.493605280333261,4.990073662746274
OIII 88$\rm \mu m$,68,4.2796,,,
OIII 88$\rm \mu m$,69,3.1413,0.06486568450927735,2.478273393155141,10.136917819032632
OIII 88$\rm \mu m$,70,5.2927,,,
OIII 88$\rm \mu m$,71,2.7256,0.5608706665039063,2.923372237127384,0.18866019989455649
OIII 88$\rm \mu m$,72,4.7555,,,
OIII 88$\rm \mu m$,73,3.8617,,,
OIII 88$\rm \mu m$,74,2.8759,0.151388427734375,2.6579464625893614,2.140644792393176
OIII 88$\rm \mu m$,75,3.9,,,
OIII 88$\rm \mu m$,76,4.302,,,
OIII 88$\rm \mu m$,77,5.8114,,,
OIII 88$\rm \mu m$,78,5.5781,,,
OIII 88$\rm \mu m$,79,1.867,0.64051953125,9.203479663264897,1.4337613457411238
OIII 88$\rm \mu m$,80,3.07,0.11581453704833984,2.7209596765172535,3.83314782817949
NII 122$\rm \mu m$,0,2.351,0.26440957641601565,1.6302726788855566,0.2639998304343077
NII 122$\rm \mu m$,1,4.1227,,,
NII 122$\rm \mu m$,2,3.4436,,,
NII 122$\rm \mu m$,3,4.8769,,,
NII 122$\rm \mu m$,4,3.0901,,,
NII 122$\rm \mu m$,5,4.9104,,,
NII 122$\rm \mu m$,6,3.6139,,,
NII 122$\rm \mu m$,7,3.4434,,,
NII 122$\rm \mu m$,8,4.2334,,,
NII 122$\rm \mu m$,9,2.5149,,,
NII 122$\rm \mu m$,10,3.957,,,
NII 122$\rm \mu m$,11,4.2991,,,
NII 122$\rm \mu m$,12,4.8031,,,
NII 122$\rm \mu m$,13,2.7882,,,
NII 122$\rm \mu m$,14,4.3492,,,
NII 122$\rm \mu m$,15,5.0182,,,
NII 122$\rm \mu m$,16,3.233,,,
NII 122$\rm \mu m$,17,5.7022,,,
NII 122$\rm \mu m$,18,5.6256,,,
NII 122$\rm \mu m$,19,3.5948,,,
NII 122$\rm \mu m$,20,6.9011,,,
NII 122$\rm \mu m$,21,2.9345,,,
NII 122$\rm \mu m$,22,4.51,,,
NII 122$\rm \mu m$,23,4.2958,,,
NII 122$\rm \mu m$,24,5.6554,,,
NII 122$\rm \mu m$,25,5.6541,,,
NII 122$\rm \mu m$,26,2.6833,,,
NII 122$\rm \mu m$,27,4.0564,,,
NII 122$\rm \mu m$,28,4.2246,,,
NII 122$\rm \mu m$,29,5.1353,,,
NII 122$\rm \mu m$,30,3.8519,,,
NII 122$\rm \mu m$,31,4.4803,,,
NII 122$\rm \mu m$,32,5.016,,,
NII 122$\rm \mu m$,33,3.9875,,,
NII 122$\rm \mu m$,34,4.8562,,,
NII 122$\rm \mu m$,35,4.7989,,,
NII 122$\rm \mu m$,36,2.2334,0.3456416931152344,1.880806060816091,0.20562375769007651
NII 122$\rm \mu m$,37,3.4039,,,
NII 122$\rm \mu m$,38,3.7785,,,
NII 122$\rm \mu m$,39,4.737,,,
NII 122$\rm \mu m$,40,3.3684,,,
NII 122$\rm \mu m$,41,3.3986,,,
NII 122$\rm \mu m$,42,2.7855,,,
NII 122$\rm \mu m$,43,4.2692,,,
NII 122$\rm \mu m$,44,3.1276,,,
NII 122$\rm \mu m$,45,2.5833,,,
NII 122$\rm \mu m$,46,3.1642,,,
NII 122$\rm \mu m$,47,4.4376,,,
NII 122$\rm \mu m$,48,5.323,,,
NII 122$\rm \mu m$,49,4.815,,,
NII 122$\rm \mu m$,50,2.4807,,,
NII 122$\rm \mu m$,51,2.026,0.3042952575683594,2.395479685952771,0.4303602237733692
NII 122$\rm \mu m$,52,2.7272,,,
NII 122$\rm \mu m$,53,3.3466,,,
NII 122$\rm \mu m$,54,2.4521,,,
NII 122$\rm \mu m$,55,3.9977,,,
NII 122$\rm \mu m$,56,4.0898,,,
NII 122$\rm \mu m$,57,3.1551,,,
NII 122$\rm \mu m$,58,4.4359,,,
NII 122$\rm \mu m$,59,3.2601,,,
NII 122$\rm \mu m$,60,4.7678,,,
NII 122$\rm \mu m$,61,2.78,,,
NII 122$\rm \mu m$,62,4.567,,,
NII 122$\rm \mu m$,63,3.7604,,,
NII 122$\rm \mu m$,64,3.8507,,,
NII 122$\rm \mu m$,65,5.1937,,,
NII 122$\rm \mu m$,66,2.8936,,,
NII 122$\rm \mu m$,67,2.5073,,,
NII 122$\rm \mu m$,68,4.2796,,,
NII 122$\rm \mu m$,69,3.1413,,,
NII 122$\rm \mu m$,70,5.2927,,,
NII 122$\rm \mu m$,71,2.7256,,,
NII 122$\rm \mu m$,72,4.7555,,,
NII 122$\rm \mu m$,73,3.8617,,,
NII 122$\rm \mu m$,74,2.8759,,,
NII 122$\rm \mu m$,75,3.9,,,
NII 122$\rm \mu m$,76,4.302,,,
NII 122$\rm \mu m$,77,5.8114,,,
NII 122$\rm \mu m$,78,5.5781,,,
NII 122$\rm \mu m$,79,1.867,0.5043039855957031,2.550801954783744,0.17766676277061905
NII 122$\rm \mu m$,80,3.07,,,
OI 145$\rm \mu m$,0,2.351,,,
OI 145$\rm \mu m$,1,4.1227,,,
OI 145$\rm \mu m$,2,3.4436,,,
OI 145$\rm \mu m$,3,4.8769,,,
OI 145$\rm \mu m$,4,3.0901,,,
OI 145$\rm \mu m$,5,4.9104,,,
OI 145$\rm \mu m$,6,3.6139,,,
OI 145$\rm \mu m$,7,3.4434,,,
OI 145$\rm \mu m$,8,4.2334,,,
OI 145$\rm \mu m$,9,2.5149,,,
OI 145$\rm \mu m$,10,3.957,,,
OI 145$\rm \mu m$,11,4.2991,,,
OI 145$\rm \mu m$,12,4.8031,,,
OI 145$\rm \mu m$,13,2.7882,,,
OI 145$\rm \mu m$,14,4.3492,,,
OI 145$\rm \mu m$,15,5.0182,,,
OI 145$\rm \mu m$,16,3.233,,,
OI 145$\rm \mu m$,17,5.7022,,,
OI 145$\rm \mu m$,18,5.6256,,,
OI 145$\rm \mu m$,19,3.5948,,,
OI 145$\rm \mu m$,20,6.9011,,,
OI 145$\rm \mu m$,21,2.9345,,,
OI 145$\rm \mu m$,22,4.51,,,
OI 145$\rm \mu m$,23,4.2958,,,
OI 145$\rm \mu m$,24,5.6554,,,
OI 145$\rm \mu m$,25,5.6541,,,
OI 145$\rm \mu m$,26,2.6833,,,
OI 145$\rm \mu m$,27,4.0564,,,
OI 145$\rm \mu m$,28,4.2246,,,
OI 145$\rm \mu m$,29,5.1353,,,
OI 145$\rm \mu m$,30,3.8519,,,
OI 145$\rm \mu m$,31,4.4803,,,
OI 145$\rm \mu m$,32,5.016,,,
OI 145$\rm \mu m$,33,3.9875,,,
OI 145$\rm \mu m$,34,4.8562,,,
OI 145$\rm \mu m$,35,4.7989,,,
OI 145$\rm \mu m$,36,2.2334,,,
OI 145$\rm \mu m$,37,3.4039,,,
OI 145$\rm \mu m$,38,3.7785,,,
OI 145$\rm \mu m$,39,4.737,,,
OI 145$\rm \mu m$,40,3.3684,,,
OI 145$\rm \mu m$,41,3.3986,,,
OI 145$\rm \mu m$,42,2.7855,,,
OI 145$\rm \mu m$,43,4.2692,,,
OI 145$\rm \mu m$,44,3.1276,,,
OI 145$\rm \mu m$,45,2.5833,,,
OI 145$\rm \mu m$,46,3.1642,,,
OI 145$\rm \mu m$,47,4.4376,,,
OI 145$\rm \mu m$,48,5.323,,,
OI 145$\rm \mu m$,49,4.815,,,
OI 145$\rm \mu m$,50,2.4807,,,
OI 145$\rm \mu m$,51,2.026,,,
OI 145$\rm \mu m$,52,2.7272,,,
OI 145$\rm \mu m$,53,3.3466,,,
OI 145$\rm \mu m$,54,2.4521,,,
OI 145$\rm \mu m$,55,3.9977,,,
OI 145$\rm \mu m$,56,4.0898,,,
OI 145$\rm \mu m$,57,3.1551,,,
OI 145$\rm \mu m$,58,4.4359,,,
OI 145$\rm \mu m$,59,3.2601,,,
OI 145$\rm \mu m$,60,4.7678,,,
OI 145$\rm \mu m$,61,2.78,,,
OI 145$\rm \mu m$,62,4.567,,,
OI 145$\rm \mu m$,63,3.7604,,,
OI 145$\rm \mu m$,64,3.8507,,,
OI 145$\rm \mu m$,65,5.1937,,,
OI 145$\rm \mu m$,66,2.8936,,,
OI 145$\rm \mu m$,67,2.5073,,,
OI 145$\rm \mu m$,68,4.2796,,,
OI 145$\rm \mu m$,69,3.1413,,,
OI 145$\rm \mu m$,70,5.2927,,,
OI 145$\rm \mu m$,71,2.7256,,,
OI 145$\rm \mu m$,72,4.7555,,,
OI 145$\rm \mu m$,73,3.8617,,,
OI 145$\rm \mu m$,74,2.8759,,,
OI 145$\rm \mu m$,75,3.9,,,
OI 145$\rm \mu m$,76,4.302,,,
OI 145$\rm \mu m$,77,5.8114,,,
OI 145$\rm \mu m$,78,5.5781,,,
OI 145$\rm \mu m$,79,1.867,0.38103030395507814,1.4862223168442734,0.10565402099357236
OI 145$\rm \mu m$,80,3.07,,,
